feature,coef,hazard_ratio,se,hr_lower_95,hr_upper_95,p
purpose_small_business,0.3567639788085201,1.4286986269050135,0.037780005938001175,1.3267290177585673,1.5385054063027335,3.615808891607828e-21
revol_util_missing,0.2916481726255857,1.3386319674095692,0.1780467988470441,0.9442945476613894,1.8976447005954509,0.10141288798622881
emp_length_years_missing,0.21088612483810007,1.234771737223621,0.018022316891528604,1.1919171161718685,1.2791671688909538,1.2538545139788245e-31
application_type_Joint App,-0.1898509736150237,0.8270823818569845,0.0250809760722459,0.7874079662123675,0.8687558365312844,3.7460307354030987e-14
purpose_moving,0.1798869446246252,1.1970820189142564,0.052283187014601135,1.080489069840711,1.326256229708173,0.000580368009429903
mths_since_recent_inq_missing,-0.16886086133238654,0.8446264154046824,0.015663743036845618,0.8190900634868159,0.8709589011036099,4.261929902332315e-27
purpose_credit_card,-0.16276825090738847,0.8497881032181283,0.011235958317939864,0.8312785642937295,0.868709782002629,1.477468834734304e-47
verification_status_Not Verified,-0.1389028567641671,0.870312569331069,0.010767359449643169,0.852138255593541,0.888874502891627,4.4797583972213823e-38
acc_open_past_24mths,0.13590617212446532,1.1455744017396923,0.005484707273150855,1.1333256272021164,1.157955558775353,1.505904936674123e-135
purpose_medical,0.12423742603964169,1.132284672953267,0.041483494378920065,1.0438661486172474,1.2281925056226541,0.002745671870229718
home_ownership_RENT,0.11344991015071176,1.1201357800547453,0.010372076132278476,1.0975945520726877,1.1431399357708916,7.5843382513889335e-28
fico_midpoint,-0.11212559406272202,0.8939319779007776,0.005932776395480278,0.8835975129434004,0.90438731368949,1.1547490053908029e-79
term_months,0.10913713251276516,1.1153152858426663,0.00458574430909908,1.1053358647923879,1.1253848051587034,3.4025501742528717e-125
loan_amnt,0.09740278659055475,1.1023042775974519,0.005363883322515339,1.0907764351260405,1.1139539517731119,1.0898107538465752e-73
initial_list_status_f,0.08089146812217528,1.0842532141433603,0.009526141897922825,1.0641970520748336,1.1046873603795135,2.0394377383730606e-17
verification_status_Verified,0.08052955616675463,1.083860880941779,0.010070429815571488,1.062677722877717,1.1054662989026156,1.2786508511644802e-15
num_tl_op_past_12m,0.07574343104967282,1.0786857813719257,0.005306488176621004,1.067525021658955,1.0899632245863071,3.1900266896474866e-46
purpose_house,0.07330807758501226,1.0760619964356428,0.05942125145231199,0.9577625085107974,1.2089734249187387,0.217314214147648
inq_last_6mths,0.07201006817212555,1.0746661639332613,0.004549746082443641,1.0651256034422139,1.0842921812889164,2.0178227072636424e-56
home_ownership_OWN,0.06472274229740045,1.0668631873382284,0.014849423066694782,1.0362603422702417,1.0983697957637932,1.3089521896087122e-05
log_annual_inc,-0.0630970718223398,0.9388523331587284,0.005437679339238377,0.9288994994177245,0.9489118080374854,3.947477879803696e-31
purpose_other,0.060668812950146776,1.0625469541170391,0.018869584477702674,1.0239678267872148,1.102579592999273,0.001303699149018522
mo_sin_old_rev_tl_op,-0.0543527950780553,0.9470979160716686,0.00508671997780346,0.9377024638311481,0.9565875074727531,1.1934723841775536e-26
mths_since_recent_inq,-0.05096303188606105,0.9503138011919461,0.005067017900138778,0.9409227799258569,0.9597985509576544,8.487728043251944e-24
percent_bc_gt_75,0.04996899262510432,1.0512384997243926,0.005735327081718053,1.039487660989366,1.0631221752560056,2.972656974844687e-18
pct_tl_nvr_dlq_missing,-0.04937859091478122,0.9518207108035394,0.03238469390041053,0.8932833701822056,1.0141940349004406,0.12732124277559217
purpose_vacation,0.045793936639053366,1.046858669513621,0.0566956499591206,0.936760628376547,1.1698965997696775,0.41925456770506353
total_bc_limit,-0.04435952940867396,0.9566099662237788,0.006802187946944482,0.9439410396352199,0.9694489264205473,6.9671845829256e-11
mths_since_recent_bc,-0.0422462668530644,0.9586336718031995,0.005479787723690719,0.9483928598613479,0.9689850647433554,1.2633990863306209e-14
tot_hi_cred_lim,-0.04019205244495577,0.9606049349092589,0.0070470257309909615,0.9474283460793912,0.9739647803346358,1.1743645970965994e-08
annual_inc,-0.040093655108506814,0.960699460526692,0.0068362277596783734,0.9479131306060654,0.9736582643033718,4.494577717157396e-09
mths_since_last_major_derog_missing,-0.03993862463257241,0.9608484097668248,0.01218128397610823,0.9381799514211615,0.9840645871326941,0.001042910214576875
mths_since_last_record_missing,-0.03823006334566301,0.9624914814069367,0.015723945605347074,0.93328147976309,0.9926157026239075,0.015043604574780604
pct_tl_nvr_dlq,0.038198660215508176,1.0389376079476556,0.005731897958149035,1.0273311743172058,1.050675167066152,2.6606478378021493e-11
bc_open_to_buy,-0.03677923477038617,0.9638889050175553,0.0067691369130814414,0.9511851940015308,0.9767622825449978,5.52991475769313e-08
mo_sin_rcnt_tl,-0.03674840947933746,0.9639186176315387,0.005757455650997177,0.9531025103168563,0.9748574695368358,1.7393388050561188e-10
mths_since_recent_bc_missing,-0.03572658856448779,0.9649040732290735,0.03945447074155907,0.8931007073759052,1.0424802744470152,0.3651929726962261
mo_sin_old_il_acct,-0.03466051396925347,0.9659332814572779,0.0047972099157076314,0.9568937931520107,0.9750581630939741,5.005853133160716e-13
dti,0.03185512689032146,1.0323679321181554,0.003261445269909115,1.025789758105638,1.0389882905773364,1.5572440807974023e-22
mort_acc,-0.027986574030297032,0.9724014221456392,0.00533809665935343,0.9622807305118445,0.9826285571445544,1.581578065089664e-07
total_rev_hi_lim,-0.02666220502818995,0.9736900935966397,0.006965279343311183,0.9604878930604263,0.9870737624264753,0.0001292553942710978
tot_cur_bal,-0.02559054696721637,0.9747341157517946,0.006955518533180025,0.9615361542020292,0.9881132313728945,0.00023399269427213512
avg_cur_bal,-0.023742575926864507,0.9765370615524726,0.006551330115294111,0.9640781231880788,0.9891570088034226,0.0002899864509621144
mths_since_recent_bc_dlq_missing,-0.020313732118275883,0.9798912017350233,0.013075179307231769,0.9550986812843993,1.0053272882195443,0.12027742151417195
purpose_home_improvement,-0.02016147287499012,0.980040410586827,0.01910370151306543,0.9440236692319836,1.0174312760236197,0.2912561519953689
revol_util,0.019523352678712663,1.0197151796635802,0.006035383344725162,1.0077238952546161,1.0318491528610643,0.0012172128094061826
open_acc,-0.019494872104448342,0.9806939240717831,0.006867590113342417,0.9675820017034427,0.9939835290632921,0.004530094572329387
delinq_2yrs,0.018906299867996607,1.0190861556363195,0.005565569136141666,1.0080300541278147,1.0302635207719015,0.0006812621532236908
num_sats,-0.018740849819821714,0.9814336680015868,0.006905043573113584,0.9682407765452365,0.9948063209275997,0.006645984841562708
mths_since_last_delinq,-0.018259184402769357,0.9819065045239528,0.005457810239630354,0.9714589202699473,0.9924664476378822,0.0008213000465246402
purpose_car,-0.017973470202630164,0.9821870892371141,0.04577540688559052,0.89790445034402,1.0743809966577915,0.6945819311193435
mo_sin_old_il_acct_missing,0.017177178862977708,1.017325554943167,0.022115483241614216,0.9741710528743667,1.0623917449473779,0.43733357134078543
total_bal_ex_mort,0.014591310319391891,1.0146982831457867,0.006546769268040168,1.0017614278336644,1.0278022064051437,0.025828526875492013
num_bc_tl,0.014542007142371229,1.0146482565299557,0.0061834260594019535,1.0024256519097687,1.0270198917175637,0.01868423273534824
mths_since_last_delinq_missing,-0.013280125694015025,0.9868076661167434,0.011365280264418399,0.9650690115057331,1.0090359946253327,0.242612385792691
mths_since_last_record,0.013176350546260467,1.0132635411837265,0.004361370011279921,1.004638949164426,1.0219621733221773,0.0025181704791814694
num_il_tl,0.01259441253964907,1.0126740561569045,0.005693352682014768,1.001436677365151,1.0240375324693136,0.02695797168580828
total_il_high_credit_limit,-0.012170846634212883,0.9879029185548073,0.0062559532044228075,0.9758637628034059,1.0000906004393957,0.05171695018981225
percent_bc_gt_75_missing,-0.011161870222530238,0.9889001923249118,0.03911636230864334,0.915917914281156,1.067697852757641,0.7753756919226802
mo_sin_rcnt_rev_tl_op,-0.011073655743299222,0.9889874314882112,0.00584689443522383,0.9777186216595567,1.0003861212967917,0.05823323552724512
emp_length_years,-0.00822267818530672,0.9918110355639089,0.004616603616646667,0.9828772347316421,1.0008260396171786,0.07489450655375583
mths_since_recent_revol_delinq,-0.007880102673249928,0.9921508639423977,0.005666968990162502,0.9811919628297624,1.0032321646650444,0.16436733827068817
collections_12_mths_ex_med,0.0077674001996049305,1.0077976447088914,0.00394579079822556,1.000033792915521,1.0156217718600513,0.049007302223016844
num_bc_sats,0.007460478116209044,1.0074883768191363,0.0064415907553201195,0.99484850691981,1.0202888403263943,0.24679334131437086
bc_util,0.006422385728061649,1.006443053468993,0.00635505505134838,0.9939848704741566,1.0190573820231261,0.3122103951467846
mths_since_recent_bc_dlq,-0.006285910842184441,0.9937338041648185,0.005285609659550856,0.9834922556975332,1.0040820024957913,0.23434133750438338
num_op_rev_tl,-0.006228156351465607,0.99379119841196,0.0069174911042992,0.9804082722078512,1.00735680638127,0.3679345405760899
pub_rec_bankruptcies,0.00618935466016532,1.006208548294023,0.005483670538047426,0.9954519318307173,1.017081398192655,0.2590293556391179
delinq_amnt,0.005565357476617856,1.005580872848048,0.0030798290961372753,0.999529114271151,1.0116692724605587,0.07075689782986501
num_rev_tl_bal_gt_0,0.005447145020179673,1.005462007688731,0.0067270789083252016,0.9922921714791303,1.018806635749737,0.41809302910356505
tot_coll_amt,-0.005318722050555388,0.9946953973081643,0.004899801316411402,0.9851886274819799,1.004293904564123,0.27770137296329456
num_actv_rev_tl,0.0051937496969878295,1.0052072605955598,0.006732591563392453,0.9920300425870342,1.018559512692762,0.4404497588713444
mths_since_last_major_derog,-0.0051635981911580505,0.9948497102656207,0.004938707162396816,0.9852663321786695,1.0045263028800129,0.29577511854525634
loan_to_income,-0.004312012698339768,0.9956972706802734,0.0053885528053128065,0.9852366802799883,1.0062689246998011,0.4235849595944653
num_actv_bc_tl,-0.0041612731421249455,0.9958473729578712,0.0063945496644357966,0.9834442184171794,1.0084069555294357,0.5152058671255988
purpose_major_purchase,0.003995983241156059,1.004003977827385,0.03136598421578751,0.9441405689262491,1.0676630373373495,0.8986249049620193
num_tl_30dpd,0.003871845010625051,1.0038793502858128,0.004997524580224622,0.9940943839329776,1.0137606310008187,0.43848588085038376
num_tl_90g_dpd_24m,-0.0037828887110188687,0.9962242573986619,0.005135837119834882,0.9862465109748871,1.006302947574926,0.46138564157869555
pub_rec,0.003594500218079922,1.0036009681813653,0.0061890278574787926,0.9915005547844546,1.0158490567395957,0.5613847478863623
bc_util_missing,0.0031059889723085918,1.0031108175539363,0.038839523529701526,0.929584024554004,1.0824533185975267,0.9362612742387953
mths_since_recent_revol_delinq_missing,-0.0030936153503203895,0.9969111649469099,0.012496361382151076,0.9727909862453524,1.0216293991699732,0.804473864208531
num_accts_ever_120_pd,-0.0028410891610384705,0.9971629429133738,0.00525020416018017,0.9869545391579798,1.0074769356326954,0.5884119189072753
num_rev_accts,-0.002178357384794517,0.9978240135137861,0.006541370710304547,0.9851127194312653,1.0106993263873196,0.7391249431943923
revol_bal,0.0010208582407406873,1.0010213794938747,0.006508903980453691,0.9883322432799934,1.0138734307385557,0.875370736763803
tax_liens,-0.0008888258458231289,0.9991115690428646,0.005008946899143173,0.9893509258094993,1.0089685078917123,0.8591567834714124
acc_now_delinq,0.0004491333406439297,1.0004492342161244,0.004977198398976323,0.990737170510921,1.0102565039802316,0.9280979423274381
chargeoff_within_12_mths,-9.611268538268018e-05,0.9999038919332935,0.004225263173769419,0.9916575169370588,1.0082188417140856,0.9818519671450602
total_acc,-6.70234802810273e-06,0.9999932976744326,0.0067153934122656765,0.9869176954987691,1.0132421375709677,0.9992036655491904
