feature,A,B,C,D,E,F,G
loan_amnt,0.008470777074610662,0.010505518222300891,0.01106590381032471,0.01583521442234082,0.01665198343671928,0.015929058892815814,0.015777858778437653
installment,0.0316991483533119,0.035019104544659695,0.03301675044724009,0.048931724100452184,0.04250012632663618,0.05702564260835982,0.05347852239973957
annual_inc,0.015585241645883938,0.017035112242442346,0.017718146222186204,0.019758680444723346,0.02100555124177664,0.02039094651072332,0.014520298831391335
dti,0.01074720922399701,0.015079716717023902,0.012711418121475436,0.014541029769997613,0.013823381430324341,0.01863079002178601,0.01641611092211978
open_acc,0.0012182226278166606,0.0010640421261115087,0.0011846475116680864,0.0012915514161350643,0.001687423039509165,0.0019984863630934514,0.001541032755672756
total_acc,0.0008490378717372935,0.000834153027444755,0.0009859643284698375,0.0011858872273962117,0.0011176269152914984,0.0012769356855281905,0.0014465904743311442
revol_bal,0.0028045398552775033,0.0027770041361836594,0.005243236643909792,0.00514986586493849,0.005424278813225011,0.005493718595874321,0.005861942197286277
revol_util,0.0037338581428065848,0.004778818767024227,0.005491390014265119,0.006961463737151142,0.006800095551706477,0.007618741042211384,0.009991540782626863
mort_acc,0.00080132656197895,0.0010164982498755237,0.001340692907263152,0.0015043117735549722,0.0017360004310699644,0.0010640750149605116,0.0013438904446872858
delinq_2yrs,0.0019667457439886005,0.0017751363300434644,0.002516889205766399,0.0031756803186556173,0.0033206665309486,0.0019294731155922837,0.0035578227140871063
inq_last_6mths,0.0032508700408117154,0.006829209581444746,0.005695877971379242,0.00585618885946226,0.010055888055282682,0.01083605087307358,0.01189866377244087
pub_rec,0.0007603308156156274,0.0007218485826732527,0.000783357430830287,0.000842512011150058,0.0009254983056456493,0.0010256224756696407,0.0010913539497819976
pub_rec_bankruptcies,0.0009190509900705978,0.0007991046563304655,0.0007746769952009171,0.0009085879178796365,0.0016732001596022961,0.0012639668352839649,0.0012258852802103195
tax_liens,0.0006757416610219178,0.0006506479423098544,0.0004907251670582149,0.0011536931781970892,0.0009126446673615191,0.0008391411941439347,0.0010941270147334392
acc_now_delinq,0.000823723593931979,0.0006733122845616668,0.0004741202848576378,0.0006970414602499843,0.0008025798873896938,0.000766903794896529,0.0010118362760677328
delinq_amnt,0.0008469636366762106,0.0009145718099670103,0.0007030211893977489,0.0009730884984779979,0.0011406914631459483,0.0010166249622628458,0.0011547586679119416
chargeoff_within_12_mths,0.0007170482006569868,0.0005980781659903229,0.0006312312490971337,0.0008280739504102891,0.0009770284653647457,0.0007850310655180039,0.0009721250798149161
collections_12_mths_ex_med,0.0008085380414545818,0.0006409758263567763,0.0007523798456372881,0.0008762214191351289,0.0010210994492551417,0.0014064028785042693,0.0016212569419358854
mths_since_last_delinq,0.0068417528090396525,0.005580669511449896,0.007493530572897519,0.00882431731434507,0.008506145430204557,0.007721242523949672,0.009250410137679561
mths_since_last_record,0.01014782672263783,0.010303413305840075,0.01111112697165713,0.012704360767349526,0.011756750468435809,0.01291582293343814,0.014112679945875728
mths_since_last_major_derog,0.00559853301533423,0.004906949108401876,0.005976025967919094,0.007354279228054664,0.0070972995489582075,0.006678441980604307,0.00776640848433376
tot_coll_amt,0.0013416511393818946,0.0012758113725839298,0.0010955029068029083,0.0013703965201521358,0.0018527761893253817,0.0018192246259827213,0.0019051923079775662
tot_cur_bal,0.003222830192998534,0.0033308322462495734,0.003175125650727793,0.0028646475521801793,0.003890349213453994,0.004931368709047479,0.003921810578018784
total_rev_hi_lim,0.006477642381825802,0.005201888081224273,0.006936819646679391,0.007152958287238467,0.009750873024332534,0.009181446007720438,0.009355396328956654
acc_open_past_24mths,0.020216784225391183,0.022973844258462953,0.022549284689582432,0.018643565631796272,0.032046129012038335,0.04117644909569453,0.04329459073157734
avg_cur_bal,0.0030983642274261315,0.0033511930652114427,0.003984546231954036,0.0036589859458957008,0.004972155391036925,0.005873895291476954,0.004945102002818004
bc_open_to_buy,0.009497387829056354,0.006030688092026315,0.007271741867635119,0.006471142709722089,0.006875199811883632,0.007077481484683566,0.008360304867134223
bc_util,0.005824489241100541,0.006706718900164331,0.0075736293507357826,0.011319350989175584,0.00843442519344942,0.009418207305332717,0.010300174227249707
mo_sin_old_il_acct,0.004182283824612536,0.004172550184020156,0.003975242785918495,0.005320063406566401,0.007666275527110427,0.004362819627937362,0.007141649888186256
mo_sin_old_rev_tl_op,0.00782383213176313,0.008085644033604716,0.012314392583557989,0.011548149215881444,0.016069892962306282,0.016732231239276064,0.01392189890753904
mo_sin_rcnt_rev_tl_op,0.00615493954493434,0.0062232887922270014,0.008517254870033708,0.007874981429527748,0.010554037841306032,0.009944762198019954,0.009479673954274329
mo_sin_rcnt_tl,0.0036400553741028283,0.003973018073776713,0.0040077441442559905,0.004338325378308953,0.004222867146612187,0.005433805271434336,0.0048898813456535566
mths_since_recent_bc,0.005737939262456668,0.007036629681331875,0.00586743400115245,0.005340692470334408,0.007167472401813581,0.009564959830412103,0.007913808735027856
mths_since_recent_bc_dlq,0.0027099731969390645,0.002562628901154704,0.0035010248571043906,0.004060876913275328,0.0040627465819790985,0.0042575109359486414,0.004109228591309643
mths_since_recent_inq,0.007387510454290603,0.01036950905280504,0.011260178215765406,0.008442847718759482,0.01305139594490543,0.012594990458395544,0.017396814736061757
mths_since_recent_revol_delinq,0.0006749056439296241,0.0012674008788499857,0.0008486247336088503,0.0012949506944101566,0.001216169369737411,0.001110616451643595,0.0013552515162873304
num_accts_ever_120_pd,0.0008038589236314268,0.0007457637084066707,0.0007452203317812522,0.0007522006391385729,0.000922076242756844,0.0007843145371588478,0.0009994868128011829
num_actv_bc_tl,0.0010447264970470185,0.0011302786047688667,0.0012641205207958488,0.0009665959857666119,0.0012757444223141618,0.001241058150738929,0.0014272913095610164
num_actv_rev_tl,0.0013232232798306683,0.0009824887254937216,0.0008737320952702846,0.0010368840118422302,0.0012659394668467414,0.0012776031444431523,0.001402027612074234
num_bc_sats,0.004478400768332692,0.003578074878195137,0.003125082732235573,0.003984341522034029,0.0038249951442463925,0.0042921572459623325,0.004496366417673363
num_bc_tl,0.004465493736277361,0.003481359577330719,0.004000971871041616,0.0038717113566191686,0.005127831083860023,0.0036843313115177364,0.004285860230617305
num_il_tl,0.0011413279195413124,0.0015647319917387627,0.0019172606428414635,0.0022510608233306676,0.002724299917102355,0.0018344973792188358,0.0027454788385221154
num_op_rev_tl,0.0010069351119117533,0.0009753721080236487,0.0010248238756920822,0.0011542298252560795,0.00105237142505211,0.0014126882545338747,0.0017683437995622514
num_rev_accts,0.001066765106035524,0.0006760811562997886,0.0012961032756705652,0.0012115587143104057,0.0013432058788261831,0.0017357986671249603,0.0013624282765262769
num_rev_tl_bal_gt_0,0.0013788560289918314,0.0013342846436931123,0.001186864910214313,0.001466908557119838,0.0016775267842424448,0.0019786185337408997,0.002667140293272106
num_sats,0.0019765722487858333,0.0018551415081411939,0.002128222166420766,0.002177091311159504,0.0018865597741112186,0.0030723735808626165,0.0030032089703937305
num_tl_30dpd,0.0008253873570954751,0.0006283009358065695,0.0006664194056000337,0.0008334550927009099,0.0010465020841805969,0.0008067224143344797,0.0009590832219485775
num_tl_90g_dpd_24m,0.0009191492530062963,0.0006839993628949089,0.0005755071310759899,0.0008370915512590279,0.001076515536231106,0.0005623684249889324,0.0010730377620069757
num_tl_op_past_12m,0.007133675528025851,0.01097562266396638,0.007450158640811814,0.008737427331839218,0.010016843649303329,0.015561004009783849,0.012132477579366273
pct_tl_nvr_dlq,0.0031602887774669335,0.0050468982276622555,0.005579887946579014,0.008069824620043685,0.007006670555605477,0.008814371690569827,0.007762217980951729
percent_bc_gt_75,0.010467057553056942,0.01362915775686647,0.012019788297101685,0.013943481876510245,0.015130624243100466,0.014092171489920893,0.015004219331166148
tot_hi_cred_lim,0.013802981811986427,0.01336872423896518,0.016983872101915695,0.015309418802255469,0.01886984921300601,0.02083915884870927,0.020769030224183783
total_bal_ex_mort,0.004978362878716659,0.005929734338775115,0.0075429517347636605,0.007788327393668005,0.00954831140311647,0.008597681510180645,0.00766598471130722
total_bc_limit,0.004415982134428321,0.003507779282676929,0.0069170807747259665,0.0076746496803814295,0.00956928925854886,0.00838830549423939,0.010384337151087808
total_il_high_credit_limit,0.00703343300531588,0.0076478243435871935,0.010342586243632155,0.009393845292734746,0.011705495595736052,0.011866037345452543,0.011794364065825843
mths_since_last_delinq_missing,0.0008726134251595406,0.0006679646333570127,0.00077048057132788,0.0008120333677278028,0.000891865909732525,0.0010112881622896537,0.0009336085917191235
mths_since_last_record_missing,0.0007583307938800832,0.0007554087609079357,0.0007513112245450466,0.0008015771419438184,0.0009112164185966607,0.0009563598025610864,0.0013497778485874138
mths_since_last_major_derog_missing,0.0007510822647589414,0.0008471412083882065,0.0006035007386697913,0.0005994790607227714,0.0009355441987001111,0.0009740787610315978,0.000891799938151742
mths_since_recent_bc_dlq_missing,0.0008997974729004678,0.0005672597934248323,0.0006689874116002072,0.0008879068052740379,0.0007923760556512692,0.0008002326385625495,0.0010433981541198667
mths_since_recent_revol_delinq_missing,0.0009868511822339644,0.0007885443582780406,0.0007993903731651175,0.0007824512372881327,0.0008064008524482695,0.0008644667541856232,0.0008818718011177899
mths_since_recent_inq_missing,0.000859638721258187,0.0006628076963193572,0.0007203086403896814,0.0008443357431956566,0.0010311483425329484,0.0010432380697554349,0.000985007134227174
mths_since_recent_bc_missing,0.0009043331108439612,0.0006122240390096854,0.0006859068474942757,0.0006035064340566445,0.0007491688397809462,0.0010437691448659638,0.0009956893001645255
mo_sin_old_il_acct_missing,0.0008786922776407228,0.0006882282192156773,0.0006999828565558922,0.0009279827381251751,0.0009694368263837757,0.00123553654337095,0.0012682344484716407
revol_util_missing,0.0007898703251818591,0.0006703596264983697,0.0006975477594446852,0.0007087305957517781,0.0007475457254126579,0.0008045646279329983,0.00108760546143163
bc_util_missing,0.0009213484455521838,0.0006562122631482783,0.0007137691166531613,0.0008196816520915566,0.0007987896085482947,0.0009059584358152403,0.001141169390530379
percent_bc_gt_75_missing,0.0008371671347838457,0.000599677933606955,0.0006570587449323329,0.0006925230306800687,0.0008346476036141087,0.0007524964403764896,0.001134614152848945
pct_tl_nvr_dlq_missing,0.0008314218480669744,0.0006588415873806318,0.000691026589775388,0.0008498114902659865,0.0007500271784937373,0.001011514797899702,0.0009454836339664438
purpose,0.0059004613169533855,0.007895160889115297,0.007403139272330845,0.006166593641099197,0.0076850394272578604,0.007862063138568782,0.011468014334412968
home_ownership,0.006991566241416766,0.009931378752959614,0.009966812434651688,0.008802983992325198,0.01309084974532065,0.013296844525273573,0.013919611204206863
verification_status,0.004996929882247281,0.007058547476104636,0.006933304685293521,0.005687375302320216,0.006369988305052312,0.007428961751640968,0.006615585234483346
addr_state,0.008430605811642549,0.010725000650759934,0.010739980051708183,0.009045304070771133,0.012118096458500477,0.016932580653544554,0.015617885012817249
application_type,0.0035238902457136903,0.003685070809985747,0.0036581656464759033,0.004829315035281511,0.009417822390636781,0.005648683009375204,0.009236322462412178
initial_list_status,0.0010993503819936212,0.0014231500316384865,0.0009833383147703281,0.0021594457562922826,0.002747268096721639,0.0028888977918187005,0.003933207050340514
