feature,A,B,C,D,E
loan_amnt,0.00988476138054778,0.009941357065074274,0.01214561178015185,0.01284649214072418,0.01346311274356772
installment,0.02904044910627862,0.028649002981467456,0.04231605494310316,0.044541881798456154,0.04962563316219001
annual_inc,0.017525422381106655,0.018404930204266964,0.02247886193242085,0.02027026744803119,0.02944912407468105
dti,0.007402123805881222,0.011449314629162533,0.015189239826082642,0.013663653285843175,0.016784318501762416
open_acc,0.0011928878195176056,0.001200534707548626,0.0013296597364417214,0.001365697825980039,0.002398451992609088
total_acc,0.0012010553503407964,0.0008817542161230734,0.0012822963886718558,0.0011590061956534337,0.001555342861901301
revol_bal,0.003885299866783568,0.002725626222457757,0.0038227596043909884,0.005343090326204934,0.004400161153459992
revol_util,0.004111328855268474,0.004747923488294564,0.005822984838814057,0.006922753309704205,0.008202676498579031
mort_acc,0.0011005082006764462,0.0012186181732046536,0.0013382521670111459,0.00140338322393948,0.0024438894074722615
delinq_2yrs,0.0021350903841001584,0.0021826305911560244,0.002359335493301455,0.003022825553950946,0.0012957782622868555
inq_last_6mths,0.003994482693477525,0.00459602128765029,0.00439429875491444,0.005515075029167152,0.007539762175123919
pub_rec,0.000781905618270983,0.0008039607190182003,0.0009171309786371401,0.0008742359679335645,0.0009374560949379901
pub_rec_bankruptcies,0.0007322286560523521,0.0007643282683944433,0.0011448542161003365,0.0011128928004362445,0.0016901615686079295
tax_liens,0.0007021537486640613,0.0007078706442692647,0.0008581766383059339,0.0008396273572898291,0.0008592480888694161
acc_now_delinq,0.0006402594886170007,0.000649318766321834,0.0007146234958137607,0.0008931887910843424,0.0010640527280496625
delinq_amnt,0.0006965708326140357,0.0006858159231779572,0.0008279779587043639,0.0009541175000020561,0.000876054842671578
chargeoff_within_12_mths,0.0006830323650791374,0.0006825792779571358,0.0008790791470598345,0.0007389809719022846,0.001087975413465071
collections_12_mths_ex_med,0.0007565217979726545,0.0007660323210453366,0.0008527332404970308,0.0013127635039420099,0.0008428570034835509
mths_since_last_delinq,0.006140048880709425,0.006463471742389252,0.008405630170185625,0.00735687164988533,0.009270128474516366
mths_since_last_record,0.009431796098397104,0.010086094039182958,0.010793282411764173,0.012177001947284456,0.013298554444692069
mths_since_last_major_derog,0.005333477660858223,0.00541292537251242,0.006452447974319207,0.0063261676915593364,0.006740438658231949
tot_coll_amt,0.0009015322331633446,0.0014287167617213932,0.0014273349124402494,0.0015425986140107722,0.001373799584682309
tot_cur_bal,0.0026775235714394004,0.003029023652012537,0.0035087228768766465,0.0032956843613199953,0.005407704246579272
total_rev_hi_lim,0.004307622079145052,0.005477062144493389,0.008395395956880235,0.00814429007363578,0.007609100717689551
acc_open_past_24mths,0.018132351557464687,0.021142686625195382,0.025565962419595446,0.027911218610195743,0.037431168960307654
avg_cur_bal,0.0036284874374844355,0.0030057345522799777,0.004754302152516717,0.004752682245647244,0.005870413746099816
bc_open_to_buy,0.005623841086269012,0.005101285779593828,0.006966452333964811,0.005258881363963556,0.006462100610561115
bc_util,0.00947934448068758,0.006981769610568662,0.007688430681830654,0.011109668527811823,0.011275551231253069
mo_sin_old_il_acct,0.005537212125552997,0.0040160041987966945,0.00424439992901134,0.005107048907582925,0.0097758809715828
mo_sin_old_rev_tl_op,0.006610174116382781,0.007611315712064006,0.011442011078905386,0.016200526006371854,0.011145873353076052
mo_sin_rcnt_rev_tl_op,0.00593457520669608,0.0066884603025986426,0.007610258513793252,0.0072594457898042045,0.011498006510070132
mo_sin_rcnt_tl,0.0038819384169088687,0.0037988400734678724,0.004256371090431454,0.004706348041033978,0.004012632865784548
mths_since_recent_bc,0.005453057397390433,0.006177667255826719,0.006657792659097598,0.005986511966908346,0.011855936762839954
mths_since_recent_bc_dlq,0.0030333262221746557,0.002509458100567677,0.0035301369207092577,0.003457826919104515,0.003954711449299925
mths_since_recent_inq,0.008026839665626775,0.005711591097323716,0.00953481112882258,0.009896978665594023,0.00996316412317575
mths_since_recent_revol_delinq,0.0008971994035534553,0.0007130124684086628,0.0010805376211740598,0.0011620654115546269,0.0012199461243965885
num_accts_ever_120_pd,0.00056376206976596,0.0007217477064703501,0.0009672777775633288,0.0009862679120659986,0.0009542219704513137
num_actv_bc_tl,0.0009182318703671072,0.0008491264700138508,0.0010634248853995379,0.0011002951358964259,0.0010033605599658432
num_actv_rev_tl,0.0008356836262638606,0.0008481472055671155,0.0009439390636992283,0.0008188050367574652,0.00124580754513442
num_bc_sats,0.0019760636773598884,0.0028518841022622905,0.004203907302407614,0.00420258571939895,0.0028686111706851276
num_bc_tl,0.0027097621623964397,0.0037931693041054013,0.005064437814133384,0.004741654860655837,0.00393686773357826
num_il_tl,0.0011793799879515636,0.0012403854385133804,0.0020004237463310246,0.001769826639937204,0.003133901691183221
num_op_rev_tl,0.0008940984530507811,0.0009347110432488275,0.0010803921916171047,0.0011638197881220572,0.0014034589513214095
num_rev_accts,0.00096596510970794,0.0007699688130732482,0.0015037454573024376,0.001409535302805012,0.0019436015923694765
num_rev_tl_bal_gt_0,0.0011793973032471969,0.0012354106232077718,0.001657712229387219,0.001912463986233396,0.0020882013976309976
num_sats,0.001731145188954284,0.0018273128661088199,0.0025317810305276484,0.0025916764697039565,0.0042165116857037456
num_tl_30dpd,0.0007348420998489411,0.0006668910899994326,0.0006822088849947181,0.0006984888879077049,0.0007750872498146074
num_tl_90g_dpd_24m,0.0007661714610355851,0.0006229413594681003,0.0008340500284931585,0.0008412895725388158,0.0010453398344153879
num_tl_op_past_12m,0.005410940196283825,0.006685197917340979,0.009581514082177198,0.010971567980065697,0.011243521872567845
pct_tl_nvr_dlq,0.004838856313366274,0.0053614815947070175,0.007291031221113715,0.008399520132956431,0.00783236771634315
percent_bc_gt_75,0.013663067447805276,0.010937609921500436,0.014175833766731245,0.01450913594621426,0.011850582313869186
tot_hi_cred_lim,0.012851577958167475,0.01291446546267907,0.017240794163760998,0.017326331199351185,0.023502487320665098
total_bal_ex_mort,0.0053175421815934865,0.00619832349892673,0.008066807940346187,0.007300412978514219,0.008395549228575248
total_bc_limit,0.0026603704872741156,0.004053187080722891,0.006996576119228422,0.007705011803319749,0.007551479078177854
total_il_high_credit_limit,0.006971071250702591,0.008887302925317059,0.009323481736745406,0.010400799252828686,0.011903661499188941
mths_since_last_delinq_missing,0.0007182618824407999,0.0006039187621561305,0.0006998614276706618,0.001011250649246056,0.0007247828548866978
mths_since_last_record_missing,0.0007366472942758916,0.0007241933112980542,0.0007659747638219708,0.0008850750104291823,0.0008925765682691073
mths_since_last_major_derog_missing,0.0006746562500326838,0.0007604805010362966,0.0008427392583177313,0.0008131424771834977,0.0008868160159645204
mths_since_recent_bc_dlq_missing,0.000755526436707793,0.0006123153542121221,0.0009704392518301913,0.0007597054447025033,0.0010571366885911036
mths_since_recent_revol_delinq_missing,0.0006289615620005052,0.0005050788805943625,0.0008789260299133829,0.0007739915504080644,0.0009066192227724241
mths_since_recent_inq_missing,0.0005607907941891694,0.0007887365981918614,0.0008925621446464941,0.0008148742950087276,0.0013000050260577678
mths_since_recent_bc_missing,0.0006309776117362629,0.0006014097119293113,0.0007660368241685199,0.0008008867709304744,0.0009415051648200533
mo_sin_old_il_acct_missing,0.0006890326164027211,0.0007000814002901119,0.0008639609436398432,0.0008195388539642701,0.0007929576967704347
revol_util_missing,0.0006562745524823665,0.0006801953706712925,0.0007233267249300137,0.0009194800282744733,0.001063279238548591
bc_util_missing,0.0006615823895876486,0.0005625798518433811,0.0007769018881631689,0.0007692985314796439,0.0008115317521485111
percent_bc_gt_75_missing,0.0007123920954150216,0.0006305983086652109,0.0007627607197104449,0.0007114170991508731,0.0012062779774780444
pct_tl_nvr_dlq_missing,0.0006783563584239547,0.000697993226413028,0.000661844347511736,0.0007295748898235928,0.0007675710492000668
purpose,0.007771534865537038,0.006723515974092277,0.006397811046537429,0.006593770904137609,0.008398225044750586
home_ownership,0.008426002852305051,0.008481142888095542,0.010332535285155075,0.011095302452642525,0.013258480182055773
verification_status,0.006184136331933989,0.005906326528753244,0.006571445715835145,0.006322033939613547,0.0071133360218236085
addr_state,0.007719179799817028,0.009995519515582696,0.010709950115153858,0.010109364549031698,0.011474826680607743
application_type,0.0031794654821020183,0.004610090226725634,0.004021361235685167,0.0039123288733888826,0.00380446923124725
initial_list_status,0.001146740086957368,0.0014046957423563076,0.0013190742647740908,0.002282944408633198,0.003425438455488921
