feature,100-150k,150k+,30-50k,50-75k,75-100k,<30k
loan_amnt,0.009668567962947383,0.009116594265998276,0.01278795446162035,0.012188285647879627,0.008127276838699102,0.018701028020829222
installment,0.03905242097751734,0.05184753617279671,0.0353710895900584,0.03499101817108343,0.029060665793463007,0.054886058744736156
annual_inc,0.021888196263401407,0.04022325601898822,0.0294019736012233,0.009592230705297295,0.009229398904000605,0.0443478827366839
dti,0.0105871502352809,0.00858967426696995,0.014240975686326334,0.013289641463628234,0.013175216728747958,0.01366056177892417
open_acc,0.0017314100053149927,0.0012333913480006085,0.0012182830989631282,0.00129407936282426,0.0011655357967892029,0.0017946636316862074
total_acc,0.001138921238631478,0.0012331899569437128,0.0011706109184752768,0.0011927010062356596,0.0009259599027028987,0.0013782962417706573
revol_bal,0.003433296273958735,0.003508477234062993,0.003864476933461178,0.0037524535208007365,0.0036477991124731312,0.005900140774756733
revol_util,0.005146416520897798,0.004428272808115583,0.0053042112478470385,0.00580515348606743,0.0060525663464429304,0.007400459434255337
mort_acc,0.0019442030174581125,0.0019199915227242877,0.0009544187737501503,0.0011110308762008376,0.0012669525289392876,0.0019623671734095376
delinq_2yrs,0.0032577571088761147,0.004496603075308915,0.0016291019095329747,0.002272430681625097,0.002089628263348717,0.0016048101717328455
inq_last_6mths,0.0054414773322720945,0.006751652736661842,0.00281356733001789,0.003601366398410496,0.00593328892765403,0.011532039930474717
pub_rec,0.0009762184206947853,0.0014727428276103283,0.0007322039259104607,0.0008179471663726784,0.0006745555187924052,0.0010763160098762653
pub_rec_bankruptcies,0.001069783339520273,0.0015526869910594124,0.0008440138423654559,0.0009211820021052614,0.0007455049863696456,0.0018223626359000391
tax_liens,0.000988598221146326,0.0008251747613558327,0.0007409081293779028,0.0007170059692946372,0.0006472172756652608,0.0012496587791128117
acc_now_delinq,0.0006101406204476514,0.0009671132470433137,0.000891265019261365,0.0007037246499964119,0.0005724799002744344,0.0008953785181403451
delinq_amnt,0.0008538530914593494,0.0008428928318590093,0.0007940901004818637,0.0007860927682157495,0.0006597703287885323,0.0009155878197055275
chargeoff_within_12_mths,0.0009106796507594085,0.0010598549115723548,0.0007566442973668702,0.000704486759296396,0.0005622426187951463,0.0012111054352800228
collections_12_mths_ex_med,0.0008334616808272379,0.0014179960209883598,0.000776229648307258,0.0008169923784870739,0.0009722939735475947,0.000950115038938985
mths_since_last_delinq,0.007173899573185047,0.007404876316996515,0.00723374915149853,0.007905026503438552,0.006475971369278872,0.008118114315020067
mths_since_last_record,0.01029081087981276,0.00903781711825311,0.012166278167248136,0.010587530319205807,0.010748313887025313,0.010313187270066406
mths_since_last_major_derog,0.005982164798861529,0.004736606991108669,0.006781717166609397,0.0059106956533960635,0.0052495594247857795,0.007125715550831081
tot_coll_amt,0.0012190245056257515,0.001729487398009123,0.001278352468086663,0.001541733221018245,0.0011722741529739814,0.0013090334453423164
tot_cur_bal,0.0032973617637442596,0.004531890091432104,0.0033030763643665554,0.0027999450171565608,0.0035846618587914727,0.004197182961823993
total_rev_hi_lim,0.00663544695867753,0.007420653493378387,0.006310371433720238,0.006668036930479947,0.0071524244768679185,0.008468543438336184
acc_open_past_24mths,0.024859665067840146,0.023723179307715905,0.023979844601561166,0.024080959811408353,0.024909212310131323,0.023949943179028297
avg_cur_bal,0.003595921987741917,0.00413436974623824,0.004396442923851105,0.003769054333707746,0.0039014013227949202,0.007720428849232571
bc_open_to_buy,0.006799664836716948,0.004862779277117424,0.0055125965415308035,0.005683303624608852,0.006214508491240879,0.006352536221965723
bc_util,0.009305676436731181,0.008812178999508286,0.00921812661591675,0.007959271225853755,0.006070989497690642,0.014929475749451979
mo_sin_old_il_acct,0.004817293394725228,0.006808419234663896,0.003931990686363456,0.0058594241672749025,0.004273150996540586,0.005492598424661721
mo_sin_old_rev_tl_op,0.009759152188687097,0.010688017324799468,0.010398329969519034,0.01077540428126612,0.010877562579384147,0.010959984801327195
mo_sin_rcnt_rev_tl_op,0.0068727175780840125,0.007330531462970365,0.0072645502617862566,0.006966132369783595,0.00697962113840112,0.011278218194887083
mo_sin_rcnt_tl,0.003675081965185513,0.002376400909107973,0.004417119704426203,0.004303040255574492,0.0038711943799443526,0.005949941712127317
mths_since_recent_bc,0.00872721182799061,0.004255221080376899,0.005500049477460561,0.0070609629161768415,0.006480192412951518,0.0063011706616779555
mths_since_recent_bc_dlq,0.002785478777432897,0.00251174742871014,0.003465379492867259,0.003227704306190261,0.0026688488791843856,0.0049007665236532345
mths_since_recent_inq,0.007309548591632448,0.009530554501147353,0.00850664812625354,0.008556878587285516,0.007428140452993932,0.011964772971450127
mths_since_recent_revol_delinq,0.0010236825964075147,0.0011171293913050653,0.0009738697121424293,0.0009706686314176236,0.0007770553130616636,0.0012988602508671545
num_accts_ever_120_pd,0.0008833564898330219,0.0009717224521899422,0.0008196869223522417,0.0008120080633307798,0.0007634983602206809,0.0009175352451623486
num_actv_bc_tl,0.0008343778923317133,0.0012504389736661104,0.0009315257487279475,0.0009708495555797019,0.0009959914990502695,0.0011929776119946574
num_actv_rev_tl,0.0010001333930232139,0.0011627629200153804,0.0007866783365937963,0.0008022885471229028,0.0007256265385649597,0.0016501341711304721
num_bc_sats,0.003679187253810546,0.003189325066244722,0.0029142848574750376,0.003138503323276692,0.004058957453760672,0.003445867085303945
num_bc_tl,0.004143913298211745,0.003923690280855631,0.0039778906162090035,0.003918361876424656,0.004250705837507132,0.005884144659677847
num_il_tl,0.0013530342714007592,0.0013373825575820775,0.00157660230654582,0.0018952358242487874,0.001493520175198229,0.003120375689168103
num_op_rev_tl,0.0011113902518453246,0.0012739469439376416,0.0009208541015526587,0.0010393481753161057,0.0009486022763459296,0.0014616362173328133
num_rev_accts,0.001273408914554439,0.0014221318220439874,0.0011873443825060185,0.0013099230352192977,0.0009560722809803139,0.0012409247028576824
num_rev_tl_bal_gt_0,0.0017633268466501944,0.0014787884975376604,0.001317743092748924,0.001650393667091647,0.0013134663078631802,0.0020554589386826442
num_sats,0.0025496845823636486,0.0020248027305177045,0.0019368488744272664,0.002361694819903105,0.0023936169714896044,0.0034439324635697002
num_tl_30dpd,0.0007995142496441894,0.000862986522066912,0.0006755716750620864,0.0006987596676410631,0.0004886406261915898,0.0008592926035807944
num_tl_90g_dpd_24m,0.0007763856213595941,0.0010788932755162843,0.0007406378997100966,0.000596405874932323,0.0007023480156601281,0.0017284239485452501
num_tl_op_past_12m,0.007132866423365775,0.008929083482850065,0.007800870854332172,0.009615914441357894,0.008787127898497393,0.0076021314026843345
pct_tl_nvr_dlq,0.005760505884579318,0.007253689567199256,0.006629590485591184,0.006530165382751084,0.006016319758712649,0.00951768575090952
percent_bc_gt_75,0.012408557943289983,0.01372573797656154,0.013443213376510072,0.013266452847175318,0.01192209313799799,0.015107663273504466
tot_hi_cred_lim,0.015698977468435755,0.021895324887727517,0.014511308883024017,0.014793464771786615,0.015589286701000944,0.020252799756195376
total_bal_ex_mort,0.005824632134064155,0.008001046647684903,0.007059785819550682,0.006731767581913753,0.006687354408569212,0.011128528900293148
total_bc_limit,0.0037149397448972992,0.004538753302733423,0.005095891200208086,0.00591715623139271,0.0065994180164528505,0.010172962845790678
total_il_high_credit_limit,0.007106677887681062,0.010720138366913053,0.009716669099771987,0.00877404769100649,0.008685161697592389,0.015166998835106587
mths_since_last_delinq_missing,0.0006695908819654982,0.0011019680719590791,0.0007039567953119322,0.0006646463284858014,0.0006916405041187275,0.0009796666995201
mths_since_last_record_missing,0.0009112843660154323,0.001351736219734157,0.0006385583012288672,0.000735507565802487,0.0006163270832200078,0.0010282498680370753
mths_since_last_major_derog_missing,0.0008249332464254833,0.000999337204274692,0.0007524494280644286,0.0008035796120797568,0.0005628839419626883,0.0012657683950893803
mths_since_recent_bc_dlq_missing,0.0008542389277946611,0.001140069972021513,0.0007211009518658018,0.0007055676903684159,0.0006628627590517697,0.0014540954434155338
mths_since_recent_revol_delinq_missing,0.0009084538913434558,0.0007820414312967777,0.0006213830647063843,0.000708402286806869,0.00048677069873316077,0.0012768774794948909
mths_since_recent_inq_missing,0.0008087661388522364,0.0009640499096249188,0.0007409608614834243,0.0007344004558266417,0.0006242493567154761,0.0019045329014907913
mths_since_recent_bc_missing,0.0007450297530424366,0.000809693044948203,0.0006968504204068388,0.000695579552328213,0.0005601891380918724,0.0011696544127821923
mo_sin_old_il_acct_missing,0.0007995719450117351,0.0011230016541889582,0.0007505453180534537,0.00071872295192689,0.0006314239261406794,0.000994369743016907
revol_util_missing,0.000787065663879653,0.0011040512120892123,0.0007428305527632572,0.0007138349812452567,0.0006182997658392311,0.0009192522903992048
bc_util_missing,0.0007203989989269297,0.0007091791319223707,0.0007266219748336236,0.00066980764246505,0.0006173738723325078,0.0009886970894939237
percent_bc_gt_75_missing,0.0008620080663167628,0.0010504111497695874,0.0006659260582520146,0.000741586228027918,0.0005262101060899166,0.000907759939733194
pct_tl_nvr_dlq_missing,0.0006359613067114728,0.0008247677302791131,0.0007000770603644846,0.0006951938646867165,0.0006092765070684,0.0008583392879062162
purpose,0.005209555647084976,0.006344097941179061,0.009409019298431668,0.0056685733874793955,0.007459308468874815,0.006328153318494202
home_ownership,0.008980466890469817,0.009681522938853118,0.00946766034159793,0.010249026932836641,0.009356949680637976,0.012990702035173734
verification_status,0.005009832809902946,0.0031788533611278175,0.006948565788269188,0.006560860391750063,0.005970877781822021,0.010547957207426307
addr_state,0.00813232470259635,0.004398579593275091,0.01225258352776873,0.01052938810283341,0.008903404409421271,0.011429708238975145
application_type,0.0017420585551985023,0.0009820304654718102,0.005311573307722626,0.00530648493827161,0.0017037447277856983,0.008879637406140024
initial_list_status,0.00115819882492173,0.002113800534588617,0.0019505901195838178,0.0013892678057834495,0.0009965838197272161,0.004095608201576582
