feature,36,60
loan_amnt,0.013460863362032316,0.01346382143978952
installment,0.04698555134528425,0.039143933241946226
annual_inc,0.018744332003329773,0.01724778410068556
dti,0.013653226177492112,0.015489823191204555
open_acc,0.0014372491968832621,0.0014155516978885331
total_acc,0.0011497320017790922,0.0010483765988897344
revol_bal,0.004462730102162134,0.004899187014931448
revol_util,0.005378082550816614,0.007604129643254357
mort_acc,0.001300539339126899,0.0012150091018634946
delinq_2yrs,0.0022237882895562006,0.002994446318026537
inq_last_6mths,0.006422612190251447,0.009148377771026318
pub_rec,0.0009029492208862259,0.0008539543801331502
pub_rec_bankruptcies,0.0011031952859536487,0.0010577217658296139
tax_liens,0.0008209647430583489,0.0008411154186025965
acc_now_delinq,0.0007903239633410356,0.0007088919168486122
delinq_amnt,0.0009579517861915435,0.0009706404108472265
chargeoff_within_12_mths,0.000840616787927964,0.0007324148023986794
collections_12_mths_ex_med,0.0009229084292342273,0.0011148648637543976
mths_since_last_delinq,0.007562605879569427,0.007931196096632452
mths_since_last_record,0.010583441645170198,0.01316619384969454
mths_since_last_major_derog,0.006303779143802518,0.00666420634197521
tot_coll_amt,0.0015821914958865791,0.0014627332980947187
tot_cur_bal,0.0034013834605972266,0.0038412400771240026
total_rev_hi_lim,0.00797201152409274,0.007468859133819311
acc_open_past_24mths,0.02419457112737733,0.03327770225621303
avg_cur_bal,0.004015110853601038,0.004527309113617275
bc_open_to_buy,0.007429145790960818,0.0073081645150805015
bc_util,0.00843238416596348,0.008590872307057034
mo_sin_old_il_acct,0.005130833661026293,0.0053914879507705555
mo_sin_old_rev_tl_op,0.010786495899188684,0.013951779995715754
mo_sin_rcnt_rev_tl_op,0.008206467379403828,0.008581923468058767
mo_sin_rcnt_tl,0.004234146526843791,0.004483747788160342
mths_since_recent_bc,0.0063408807340858105,0.007562798852337152
mths_since_recent_bc_dlq,0.003405281525179558,0.0038162630839983
mths_since_recent_inq,0.009850412789725769,0.0131769156209618
mths_since_recent_revol_delinq,0.0011483442363389804,0.0010704430109580783
num_accts_ever_120_pd,0.0008608481489259163,0.0007822195850456107
num_actv_bc_tl,0.0012037236300593344,0.0011817636532655427
num_actv_rev_tl,0.0012007194360542785,0.0011306957736795505
num_bc_sats,0.004060978432856755,0.003874518500317239
num_bc_tl,0.0040279528035254055,0.004235856991790199
num_il_tl,0.001943171590553029,0.0021091910275392294
num_op_rev_tl,0.0011518647944609166,0.0012473975160368672
num_rev_accts,0.0011070708999323207,0.0013784949952093488
num_rev_tl_bal_gt_0,0.0014979782209307141,0.0018448316559014635
num_sats,0.0021453135786733035,0.0024569222373118835
num_tl_30dpd,0.0008231350097268081,0.000824265537477556
num_tl_90g_dpd_24m,0.0008712088904295121,0.0007644204455050281
num_tl_op_past_12m,0.009981527031715988,0.01059684484386841
pct_tl_nvr_dlq,0.005732357814865953,0.00726269048217332
percent_bc_gt_75,0.013205643086391116,0.013737578781970806
tot_hi_cred_lim,0.016289423869022223,0.017993539498487705
total_bal_ex_mort,0.006847357255514977,0.008033874971908782
total_bc_limit,0.006507437420676813,0.008035381628105904
total_il_high_credit_limit,0.008978439859574167,0.010975577839650558
mths_since_last_delinq_missing,0.0008817370501398858,0.0008205932995161751
mths_since_last_record_missing,0.0008700114185665132,0.0009258552121507715
mths_since_last_major_derog_missing,0.0007806964136400664,0.0008203687808235632
mths_since_recent_bc_dlq_missing,0.0008281560922109134,0.0007886614097952824
mths_since_recent_revol_delinq_missing,0.0009010245888342746,0.0007866322666548551
mths_since_recent_inq_missing,0.0008922073063913207,0.0008637048688378087
mths_since_recent_bc_missing,0.0007570910891145983,0.0008420395957297769
mo_sin_old_il_acct_missing,0.0009589914441646642,0.0009460757387406853
revol_util_missing,0.000767968429905987,0.000805536622251863
bc_util_missing,0.0008866502607945719,0.0008147588617863739
percent_bc_gt_75_missing,0.0007912013083194473,0.0007824967625101522
pct_tl_nvr_dlq_missing,0.0008330122248453255,0.0008062401918016222
purpose,0.007831282247963693,0.0077049931777535266
home_ownership,0.009670920909077126,0.012062357862470093
verification_status,0.0063069142544928585,0.006578294596932232
addr_state,0.010332601190211536,0.013581599571151376
application_type,0.0034506939898075292,0.008013884551121283
initial_list_status,0.002056890622578199,0.0022977804654503143
