feature,100-150k,150k+,30-50k,50-75k,75-100k
loan_amnt,0.008447036750662797,0.005842465438530797,0.016470619520439465,0.014430110575349108,0.012621594591711693
installment,0.046498497466770386,0.03443785501890186,0.04293614441308955,0.0418073042054443,0.04222873009546647
annual_inc,0.02206256380129845,0.033112599576881487,0.030486791723768503,0.010937794024628475,0.008594850593307907
dti,0.013664171314816797,0.01114354372327905,0.017665826115243383,0.015189779441081581,0.012110671272128424
open_acc,0.001174508088950783,0.0009899141144984324,0.0017090394669492805,0.0014208207651122363,0.0012351365299164165
total_acc,0.0009971043540396589,0.001414785316439171,0.0011745318487536385,0.0010340191406637469,0.0009442617069386472
revol_bal,0.0030357238337245795,0.0026004317984272413,0.006130123985752836,0.004501602308507934,0.005185484528328844
revol_util,0.005212446174218979,0.0067685264387100045,0.006853639739399358,0.00643322782761081,0.006345957689071417
mort_acc,0.0011284854415300795,0.0012594528318135942,0.0013813423386382746,0.0011522639868956001,0.0012571904340079544
delinq_2yrs,0.002832668532075808,0.0025560551161938525,0.002579823626582907,0.002798160426367736,0.00228692651170805
inq_last_6mths,0.006332762728851016,0.009757550885981082,0.006312078386612052,0.009183481374191444,0.007418036768911872
pub_rec,0.0009441164752336874,0.0010245690639478753,0.0010090562442142531,0.0008063180027373762,0.0007940119385950089
pub_rec_bankruptcies,0.001154815700990525,0.0006381175151173739,0.001202845845375733,0.0009900872101504916,0.0010297605445446297
tax_liens,0.0008984462723082578,0.0010658974592978004,0.0009904168862468429,0.0007244651706415066,0.0007098268006252553
acc_now_delinq,0.0008329756505469044,0.0009131748536040862,0.0007136137801239521,0.0006528014310968239,0.0007349875003192289
delinq_amnt,0.0009579628955701083,0.0014558962832790013,0.0009146861976020242,0.0009276050817046355,0.0008170288263590212
chargeoff_within_12_mths,0.0007826111139282256,0.0008628335002188103,0.0009503743588840726,0.0007020596768417742,0.0007309961718376431
collections_12_mths_ex_med,0.001453522606087938,0.0007690153918308344,0.001296372556678965,0.0008411003686682238,0.0008073364734457579
mths_since_last_delinq,0.007982736446394021,0.005714614705038081,0.00836935240530048,0.007490988061759812,0.007000992424742355
mths_since_last_record,0.011083773890034673,0.013305676174187998,0.010955668109925777,0.012596700938695964,0.011065051216575111
mths_since_last_major_derog,0.006533680149897343,0.0057114593825025465,0.007925679902976329,0.005811397426151513,0.006179283403202608
tot_coll_amt,0.0010336487723036688,0.0008005971164194169,0.0017588154134512268,0.0014903473181981123,0.0017848572414792144
tot_cur_bal,0.004137142886263867,0.004052056151017183,0.0036076861898728667,0.0033226145368822147,0.0037100355009102573
total_rev_hi_lim,0.006432396570068117,0.005049891075455808,0.010424897008908134,0.007099296164277301,0.007804142177435102
acc_open_past_24mths,0.021962955794104982,0.026235315298370095,0.02453460238814529,0.033166327651375414,0.029144367961704495
avg_cur_bal,0.004109453584385248,0.0032144132752854222,0.005170681746901179,0.004393099208534717,0.0036258433752017955
bc_open_to_buy,0.009424101178693241,0.009159757981795831,0.008251325318614968,0.006326116257185417,0.006550923317377587
bc_util,0.007377540688104585,0.006304401650424881,0.009807419027822381,0.007975288601118952,0.008076542291466798
mo_sin_old_il_acct,0.0053736722202653445,0.003304247816955206,0.005896896076653865,0.0049547022547820375,0.004708617727579266
mo_sin_old_rev_tl_op,0.015256545785282325,0.010731124075557808,0.011949043719514328,0.0110898226944022,0.013511579701917334
mo_sin_rcnt_rev_tl_op,0.007030320277060421,0.006439728270424594,0.009655025833806764,0.00899943185120946,0.007271571548806409
mo_sin_rcnt_tl,0.00403699519903727,0.0033300518977808155,0.005300005153489831,0.004224151111727494,0.004071667215387819
mths_since_recent_bc,0.006904105508969997,0.003832379790832119,0.007725969656098485,0.0071734439054178725,0.006932713384515588
mths_since_recent_bc_dlq,0.0029653840133143853,0.002954260597675104,0.00412357978670734,0.0035427198589116186,0.0033540093723327673
mths_since_recent_inq,0.009959075737114235,0.013237059324559904,0.01211674690688955,0.01208642433439995,0.010307325706227265
mths_since_recent_revol_delinq,0.0010027719013901493,0.0009979346020217838,0.0013157607528618083,0.0010412891107884664,0.0008274514488836912
num_accts_ever_120_pd,0.0007754559751576827,0.0011394529271296096,0.0009502235121464719,0.0006518875082957086,0.0008220761512399436
num_actv_bc_tl,0.001220411472088053,0.0005872654016640195,0.001374798944258333,0.0010539049670118923,0.001288574296914813
num_actv_rev_tl,0.0011439452646325782,0.0010878190063046418,0.0010272284250810483,0.0011854659194595167,0.0012451033708702865
num_bc_sats,0.00416831237734959,0.003661499803227377,0.004080477342596678,0.003869295992957695,0.0039876046412941415
num_bc_tl,0.0034902466986054545,0.0038570587222987764,0.004461354950717714,0.0034298097070987795,0.00512752696140946
num_il_tl,0.0018823307428106487,0.001332093014076971,0.0028893564994080362,0.0019333933380186734,0.0013577162309811198
num_op_rev_tl,0.001199823195588967,0.0010460198622279583,0.0012256595055486668,0.0012344479888642412,0.0010752620043170593
num_rev_accts,0.001654246437998144,0.0010935477091204592,0.001320714985117985,0.0010615459376179712,0.001216540143292805
num_rev_tl_bal_gt_0,0.001329725897844659,0.0014580484289627208,0.001529941858222593,0.001870050582039839,0.0016687812963260531
num_sats,0.0018550600259545807,0.0018957944341843373,0.0021625362647383142,0.0023499816957487135,0.0024805019356665737
num_tl_30dpd,0.0009289275637425402,0.0011915605795310134,0.0008047372698074582,0.000731090320762977,0.0008164620947150536
num_tl_90g_dpd_24m,0.0008487254710645497,0.0010464507897357423,0.0008241917469777292,0.0008072366672524599,0.0007088380269018728
num_tl_op_past_12m,0.007078974609253413,0.008039959754548744,0.009529497909024178,0.011852133939605927,0.01089601882331607
pct_tl_nvr_dlq,0.006483314882662303,0.003306085744151578,0.0071890804294056886,0.006322849966709134,0.006785432582567399
percent_bc_gt_75,0.012810651975283175,0.011847105896366393,0.015065114287174535,0.013026718355325907,0.01301800383470461
tot_hi_cred_lim,0.018621187362384488,0.017685784550689917,0.018863098365761045,0.0152838063784279,0.016667493235670367
total_bal_ex_mort,0.007545479483353641,0.00700527292371014,0.009094526516175348,0.006921886398877576,0.006506297455241475
total_bc_limit,0.005865503772347905,0.00531142072699292,0.009661710447310658,0.006473371862017223,0.007173487309503064
total_il_high_credit_limit,0.010029595046955542,0.013147167650285332,0.01105505383775917,0.008755656722381176,0.008667857804305413
mths_since_last_delinq_missing,0.0007829759658691388,0.000990439872845165,0.0010318351280512916,0.0008036398569914681,0.0006994372027666127
mths_since_last_record_missing,0.0008548714295771631,0.0011550802989735971,0.0009340545046764142,0.0009142519942610716,0.0007680827650015605
mths_since_last_major_derog_missing,0.0008799317659537579,0.0007802884387736563,0.0008992720315427904,0.0007828525368987537,0.0006788343325699131
mths_since_recent_bc_dlq_missing,0.0008096934682282141,0.0008350885974359388,0.0008755396348228021,0.0007723150655011652,0.0007228034840880094
mths_since_recent_revol_delinq_missing,0.0008556059554072727,0.0006781671618642308,0.0009863472830942807,0.0007820886660221443,0.0007883068958426046
mths_since_recent_inq_missing,0.0009756688754938823,0.0010057993579716913,0.0010933669595231676,0.0007608786743500917,0.0007919107728838566
mths_since_recent_bc_missing,0.0008765312068450163,0.0006571131689683335,0.0009103066103537643,0.0007883772623666149,0.0006940973080658811
mo_sin_old_il_acct_missing,0.0011346387163103438,0.0007955570700083665,0.0011695250439380746,0.0008782296358178725,0.000800227798179215
revol_util_missing,0.0007070069083051706,0.000582707258140058,0.0008184385441770189,0.0007461987678984487,0.0008359988784773472
bc_util_missing,0.0008373644472881867,0.0008053557886522196,0.0010363630287724766,0.0008025506520762544,0.0007186212913346562
percent_bc_gt_75_missing,0.0007836559609687848,0.0007029902695188757,0.0008370524080752476,0.0007893588752620917,0.0007526410608280373
pct_tl_nvr_dlq_missing,0.0009510178732535969,0.0007664070926820104,0.0010020543116419282,0.0007459753836078827,0.0007541219629145122
purpose,0.007551000632074345,0.004938408460020668,0.012186998973610646,0.0072909316234256415,0.006071398476898557
home_ownership,0.00750814076273486,0.009571648811723099,0.012142377390957693,0.012168937470613353,0.009229334730260528
verification_status,0.004753831693054788,0.003515242111059822,0.0071933966602967,0.006860403997171023,0.006564212215027668
addr_state,0.008654634251606778,0.0063697947001771435,0.011839011323534017,0.015575858331403902,0.00967896083397481
application_type,0.003881013564972763,0.0012184420320510438,0.01255251007832793,0.004429830214295563,0.004729876002842616
initial_list_status,0.001445443109442461,0.0011344995154413176,0.0024160179922625984,0.0023297340973849347,0.0021723309019580734
