feature,credit_card,debt_consolidation,home_improvement,other
loan_amnt,0.010212475547706224,0.010682441838544922,0.010130612175474367,0.014330313132524232
installment,0.032873080273897536,0.034070931963627135,0.04133347621512068,0.05728792118975624
annual_inc,0.022252257804332473,0.019507422946127645,0.02451065656884438,0.021501123060469054
dti,0.013971656783633372,0.012564742928067923,0.010256110949936477,0.011702415927489917
open_acc,0.0015202201993629314,0.0012166117871641857,0.0015724006188383938,0.0015328284643808612
total_acc,0.0011256060165784694,0.001074228867337132,0.0008088142274196722,0.0016326760299827413
revol_bal,0.0029647373896411625,0.0037601603028656464,0.0043801358696448234,0.004622739171581849
revol_util,0.0064491891647210945,0.00541941070825035,0.004422020358137586,0.006273579524458573
mort_acc,0.0011725136609690371,0.001325970869651743,0.001681665208088972,0.0012117789255648237
delinq_2yrs,0.001715153393813173,0.0023397912102364046,0.003366567212207499,0.003869838389999276
inq_last_6mths,0.004396049433328149,0.004265867322032737,0.007029883602476967,0.006466271941467184
pub_rec,0.0007615839772320626,0.0008878059693929045,0.0009817507158441843,0.0007059022329467041
pub_rec_bankruptcies,0.0008502042301083668,0.001061591891895828,0.0009165506376759028,0.001337138577424996
tax_liens,0.0007383196990889266,0.0007889207358646582,0.0007654680025264773,0.0009082930286137845
acc_now_delinq,0.0007829703777520165,0.0006543503191965555,0.0006905049624537401,0.001141672688109339
delinq_amnt,0.0007762794703565942,0.0007789722607846431,0.0008303709882893167,0.0009892647043657737
chargeoff_within_12_mths,0.0008967196526108426,0.0006633039024592407,0.0008288262259179704,0.0011239943902382962
collections_12_mths_ex_med,0.0009802429266757226,0.0008903614943889539,0.0008407894612434062,0.000692008914354889
mths_since_last_delinq,0.006076631875707192,0.00765014848696173,0.008610671108260668,0.008880361788024009
mths_since_last_record,0.011435753608863907,0.01122886908864093,0.008287683088275913,0.009527729230611863
mths_since_last_major_derog,0.00600475541685485,0.00632825152570447,0.004802310520957308,0.005798883235490123
tot_coll_amt,0.0009727061562154709,0.0013996829625047846,0.0015510026190402365,0.0014259101029134914
tot_cur_bal,0.0033444339052532985,0.0032805101273994976,0.00402640081329888,0.0027568850470112128
total_rev_hi_lim,0.006532611498926332,0.007175618004871283,0.007092600835051178,0.006291299743960898
acc_open_past_24mths,0.027625153797483374,0.023318029277778086,0.018829985510873795,0.026910998792264128
avg_cur_bal,0.004239761250970412,0.004174799619669527,0.0038428785575052495,0.0044110865173763334
bc_open_to_buy,0.005742924002669935,0.006338450513727722,0.006293340083993481,0.00362030532432856
bc_util,0.0071420639831955655,0.008921681100156406,0.00926010081137694,0.008777547933103137
mo_sin_old_il_acct,0.004450487700969525,0.004393560898136827,0.005911859061907269,0.009338217338966328
mo_sin_old_rev_tl_op,0.009312851552228106,0.01134359520824524,0.01025414136884842,0.009791641433206873
mo_sin_rcnt_rev_tl_op,0.006493614496320742,0.007828004164896697,0.006680854574943422,0.0072334069021816804
mo_sin_rcnt_tl,0.0033724526669888333,0.004380406173493674,0.0033938576355614903,0.004545497765004277
mths_since_recent_bc,0.006178215451393421,0.007199611893622048,0.005423339892212002,0.00701460546640761
mths_since_recent_bc_dlq,0.002607511942244835,0.003263716871761055,0.0033509179486445276,0.004159005998432041
mths_since_recent_inq,0.00771055825461651,0.00782769574484626,0.01289118765991173,0.010955432014105699
mths_since_recent_revol_delinq,0.0009142291389516537,0.0009337905157767541,0.0010898245228397126,0.001494780627223672
num_accts_ever_120_pd,0.0008890142175023197,0.0007978515672657551,0.0007835052706568164,0.0008326819080919053
num_actv_bc_tl,0.0009783482658473638,0.0009170877147863766,0.0011204628141400386,0.0007106520092127945
num_actv_rev_tl,0.0009508038004349531,0.0008183538831020096,0.0009063795834010272,0.0012334768072565507
num_bc_sats,0.0031414794494140754,0.00362350475151501,0.0031217037848289913,0.0021274626176653955
num_bc_tl,0.004274903117128465,0.004159413715680246,0.0037407181644360517,0.003994449531639071
num_il_tl,0.0017191103207688044,0.00163434182035404,0.0011123907268279366,0.0027949537066737805
num_op_rev_tl,0.001023123718359713,0.0009669069833443841,0.001247020192460888,0.0012467189171024736
num_rev_accts,0.0011074832190816999,0.0012114528287061393,0.001102399597695104,0.0013283385797573002
num_rev_tl_bal_gt_0,0.0013803218338978057,0.0015625522601861927,0.0013885582149204166,0.0017644795777761984
num_sats,0.0022850621105170743,0.0023325085351948126,0.002092433327794312,0.0022344418843140553
num_tl_30dpd,0.0007580472557545863,0.0006048848833347419,0.0008881287359003469,0.0009282798640786714
num_tl_90g_dpd_24m,0.0008340874263735211,0.000746276086658764,0.0006989982578468248,0.0008163469118442756
num_tl_op_past_12m,0.008217974570241943,0.008354628865733023,0.00730251542008867,0.011973565200330941
pct_tl_nvr_dlq,0.006451121043785817,0.006267374988023266,0.007782743802074173,0.008375738272488215
percent_bc_gt_75,0.011965986788485471,0.01273006383326073,0.014791639519394629,0.014659357233335205
tot_hi_cred_lim,0.017115327974119264,0.015316534805025461,0.016682207147731453,0.01325457316781514
total_bal_ex_mort,0.006553429371131146,0.0070771414624695795,0.006285740169529717,0.009637496710790002
total_bc_limit,0.005026784695138801,0.006166257870081873,0.004559917792284049,0.005854826823016943
total_il_high_credit_limit,0.00959190711786203,0.008765692991720501,0.00826040447580735,0.011717010797350682
mths_since_last_delinq_missing,0.0007640974748495627,0.0006232786356703729,0.0007326929997060451,0.0010995797572974741
mths_since_last_record_missing,0.0007709882879694353,0.000673161464361455,0.00097942903490867,0.001280893924434925
mths_since_last_major_derog_missing,0.0007354009243572032,0.0007986416140165514,0.0008342180972962298,0.0007405497096485344
mths_since_recent_bc_dlq_missing,0.0008740066962658682,0.0007653849740725945,0.0007047917269522381,0.0007038128397333671
mths_since_recent_revol_delinq_missing,0.0007475173479535205,0.000692449827580892,0.0007003477290520341,0.0006969745926185128
mths_since_recent_inq_missing,0.0008358257662584294,0.0007725945891254314,0.000685380899346269,0.0011950799027838162
mths_since_recent_bc_missing,0.0007408793025827872,0.0006349595429906061,0.0009594129014087422,0.0008538650257316077
mo_sin_old_il_acct_missing,0.000629203771916678,0.0007657256478042306,0.0006965959239922051,0.0010561574987586419
revol_util_missing,0.0007383262190433041,0.0007212874130896231,0.0006443023681868983,0.0008966932467353767
bc_util_missing,0.0006543202222930586,0.0006776131676930432,0.0006396228894235328,0.0008767629149054291
percent_bc_gt_75_missing,0.0007483833053672264,0.0006639627830448088,0.0007725641561756087,0.000942608035209212
pct_tl_nvr_dlq_missing,0.000754264067640654,0.0005417692805295123,0.0006643800522643893,0.0010394863903412262
purpose,0.01740791088684508,0.0006974722220399715,0.004338253008681406,0.011102498991103956
home_ownership,0.011019707007765066,0.009602631359259893,0.008333145684612115,0.01042959210042767
verification_status,0.007111700105447211,0.00606743110499688,0.005367292240098464,0.006216020069444815
addr_state,0.00931218121744542,0.00997259393999722,0.01080663929719293,0.009314150891968824
application_type,0.0031678191473513547,0.004219689517163785,0.007322673275285552,0.0016550049805635623
initial_list_status,0.0016171705464597518,0.001788237783646233,0.0012513546684663323,0.0016254277673520487
