scope,name,n_features,concordance,concordance_drop,auc_12m,auc_12m_drop
feature,installment,1,0.6739828555934119,0.018727813123320614,0.6816013771533718,0.02293698013919021
feature,loan_amnt,1,0.6757783709688281,0.01693229774790439,0.6867309310550179,0.017807426237544055
feature,annual_inc,1,0.6759867749259013,0.016723893790831168,0.6880940052264192,0.01644435206614281
feature,application_type,1,0.6833131156510321,0.009397553065700337,0.69358475626811,0.010953601024451975
feature,acc_open_past_24mths,1,0.6855066861808778,0.007203982535854636,0.6950512538426382,0.009487103449923762
feature,purpose,1,0.6864282487416513,0.006282419975081166,0.6949920340507894,0.009546323241772625
feature,mo_sin_old_rev_tl_op,1,0.6873310985029264,0.005379570213806084,0.6985320194046651,0.00600633788789684
feature,dti,1,0.6879635374651054,0.004747131251627068,0.6989494527482836,0.005588904544278406
feature,bc_util,1,0.688320051118025,0.0043906175987075136,0.6995248514560425,0.005013505836519494
feature,addr_state,1,0.6888408241036978,0.0038698446130346342,0.6994977841971097,0.00504057309545225
feature,tot_hi_cred_lim,1,0.6891988048674994,0.0035118638492330767,0.700727686789056,0.0038106705035060306
feature,revol_bal,1,0.6894369906046162,0.0032736781121163183,0.7008916252514548,0.0036467320411072146
feature,mths_since_recent_inq,1,0.6897358759137482,0.002974792802984294,0.6992649722829402,0.005273385009621823
feature,total_bc_limit,1,0.6903825920911637,0.0023280766255687757,0.7043397567695152,0.0001986005230467658
feature,revol_util,1,0.6904296823544529,0.00228098636227958,0.7019302775597087,0.0026080797328532634
feature,total_bal_ex_mort,1,0.690910032724736,0.0018006359919965353,0.7035702858904938,0.0009680714020682268
feature,inq_last_6mths,1,0.6910938896903989,0.0016167790263336146,0.7030956043168144,0.0014427529757475854
feature,pct_tl_nvr_dlq,1,0.6912139416042031,0.0014967271125293502,0.7026787881519225,0.0018595691406394499
feature,home_ownership,1,0.6912745441299732,0.0014361245867592354,0.7027452329171691,0.0017931243753929182
feature,mo_sin_rcnt_rev_tl_op,1,0.6913269034335116,0.001383765283220928,0.7036420100091637,0.0008963472833982689
feature,num_tl_op_past_12m,1,0.6913969651138786,0.0013137036028538773,0.7018815369045113,0.002656820388050707
feature,open_acc,1,0.6914641439499056,0.0012465247668268509,0.7029843596693566,0.0015539976232054054
feature,mths_since_last_delinq,1,0.6915466332582494,0.0011640354584830925,0.7035538206400181,0.0009845366525438326
feature,mo_sin_old_il_acct,1,0.6915566290214957,0.0011540396952367526,0.7031896095844076,0.0013487477081544075
feature,mths_since_last_record,1,0.6916713890606401,0.0010392796560924067,0.7031780222719561,0.0013603350206058407
feature,total_il_high_credit_limit,1,0.6917421700249415,0.0009684986917909422,0.7037855494491085,0.0007528078434534402
feature,verification_status,1,0.6917801436497929,0.0009305250669395804,0.7042096145358396,0.00032874275672234443
feature,num_sats,1,0.6919080448922458,0.0008026238244867034,0.7035293317360833,0.0010090255564786377
feature,total_rev_hi_lim,1,0.6919115271398645,0.000799141576868001,0.704269232710654,0.0002691245819079757
feature,mths_since_recent_bc,1,0.6919792425845408,0.0007314261321916815,0.7023648138620191,0.002173543430542879
feature,bc_open_to_buy,1,0.6920434814902012,0.0006671872265312517,0.7042793008710944,0.0002590564214676183
feature,mo_sin_rcnt_tl,1,0.692069701102189,0.000640967614543464,0.7036911760184557,0.0008471812741063234
feature,num_bc_tl,1,0.6920799708783628,0.0006306978383696649,0.7043659241549667,0.00017243313759529588
feature,tot_coll_amt,1,0.6922877697235547,0.00042289899317782265,0.7039801728699514,0.0005581844226105748
feature,num_rev_accts,1,0.6923216331544956,0.0003890355622369057,0.7039191696320231,0.0006191876605389224
feature,mths_since_recent_bc_dlq,1,0.6923380568043298,0.0003726119124026761,0.7041870055365423,0.00035135175601963553
feature,mort_acc,1,0.6923954853470246,0.0003151833697079276,0.7045266068465851,1.1750445976899115e-05
feature,avg_cur_bal,1,0.69240126245291,0.00030940626382247594,0.7044685130725409,6.984422002109802e-05
feature,num_op_rev_tl,1,0.6924101621644468,0.00030050655228563983,0.7043132534950851,0.0002251037974768666
feature,tot_cur_bal,1,0.6924412340886901,0.0002694346280424087,0.7043690844448538,0.00016927284770817952
feature,total_acc,1,0.6924544723382438,0.00025619637848872667,0.7037236936252829,0.0008146636672791141
feature,num_rev_tl_bal_gt_0,1,0.6924550260727012,0.00025564264403132864,0.7036547074614201,0.0008836498311418639
feature,num_il_tl,1,0.69247171802686,0.0002389506898724525,0.7045875496601355,-4.919236757350287e-05
feature,num_bc_sats,1,0.692474355401286,0.00023631331544649026,0.7046388732405505,-0.00010051594798854424
feature,delinq_2yrs,1,0.6925126772508993,0.0001979914658332138,0.7045836187506006,-4.526145803862569e-05
feature,mths_since_last_major_derog,1,0.6925554974794036,0.00015517123732888827,0.7044568927941106,8.146449845136683e-05
feature,pub_rec,1,0.6926102543960565,0.00010041432067597889,0.7044035636576383,0.0001347936349236356
feature,pub_rec_bankruptcies,1,0.6926396194481064,7.104926862611105e-05,0.7043277622432423,0.00021059504931963957
feature,delinq_amnt,1,0.6926481481004707,6.252061626177419e-05,0.7045823867020641,-4.402940950209988e-05
feature,num_tl_90g_dpd_24m,1,0.6926988347834316,1.1833933300842148e-05,0.7045621550412737,-2.3797748711751332e-05
feature,collections_12_mths_ex_med,1,0.6927020544353283,8.614281404195623e-06,0.704530162038938,8.195253623943799e-06
feature,acc_now_delinq,1,0.6927054795969204,5.189119812065712e-06,0.7045372208438069,1.136448755101327e-06
feature,num_tl_30dpd,1,0.6927099437241955,7.249925370045318e-07,0.704547946637762,-9.589345200011756e-06
feature,chargeoff_within_12_mths,1,0.6927286051462699,-1.793642953740182e-05,0.7045430831856535,-4.725893091528377e-06
feature,initial_list_status,1,0.6927347133511091,-2.4044634376663154e-05,0.7054014316429672,-0.0008630743504052241
feature,mths_since_recent_revol_delinq,1,0.6927660478710745,-5.53791543420612e-05,0.7048847328990495,-0.00034637560648753674
feature,num_actv_bc_tl,1,0.6927772652752888,-6.659655855634217e-05,0.7044448352114309,9.352208113111438e-05
feature,num_accts_ever_120_pd,1,0.6927869813170051,-7.63126002726322e-05,0.7045620963901857,-2.3739097623765026e-05
feature,num_actv_rev_tl,1,0.6927872096611113,-7.65409443788112e-05,0.7043278768630572,0.00021048042950477797
feature,percent_bc_gt_75,1,0.6929235368010808,-0.0002128680843482833,0.706053477136425,-0.0015151198438629887
feature,tax_liens,1,0.6930472193861725,-0.00033655066944004997,0.7045008773310434,3.7479961518593896e-05
