feature,importance_before,importance_after,rank_before,rank_after,abs_change,pct_change,rank_change
installment,0.03645296144602085,0.04550854263741596,1.0,1.0,0.009055581191395108,24.84182582752437,0.0
acc_open_past_24mths,0.02487467403242254,0.02575992469843785,2.0,2.0,0.0008852506660153095,3.5588432831780716,0.0
annual_inc,0.01812800752626107,0.02043200073533491,3.0,4.0,0.002303993209073839,12.709577738955414,1.0
dti,0.0135120292243072,0.014344498525895094,4.0,5.0,0.0008324693015878942,6.160949534436618,1.0
loan_amnt,0.013282964136418544,0.023388463187953134,5.0,3.0,0.01010549905153459,76.0786444030806,-2.0
tot_hi_cred_lim,0.011966025551534462,0.012288944313213958,6.0,6.0,0.0003229187616794957,2.6986300529676392,0.0
percent_bc_gt_75,0.01049598650753334,0.011033729014299205,7.0,8.0,0.0005377425067658644,5.1233155299876545,1.0
addr_state,0.010194961703712315,0.010814864327044482,8.0,9.0,0.0006199026233321674,6.080480156256407,1.0
mths_since_last_record,0.00986119891820175,0.010227538155857814,9.0,11.0,0.0003663392376560635,3.7149563728998145,2.0
home_ownership,0.009657641331773745,0.010440906851687567,10.0,10.0,0.0007832655199138221,8.110319000322262,0.0
mths_since_recent_inq,0.009296000028599491,0.01155615746843566,11.0,7.0,0.002260157439836168,24.31322539675892,-4.0
mo_sin_old_rev_tl_op,0.009117399786810892,0.008736713031401689,12.0,12.0,0.0003806867554092038,-4.17538732874147,0.0
num_tl_op_past_12m,0.009039877223788255,0.008200908016069932,13.0,14.0,0.0008389692077183236,-9.280758874806319,1.0
verification_status,0.007935400882394457,0.008659093443940072,14.0,13.0,0.0007236925615456153,9.119798385374649,-1.0
bc_open_to_buy,0.007708170977902777,0.007334095946361697,15.0,15.0,0.00037407503154108027,-4.852967488830377,0.0
