feature,importance
installment,0.037060980379447994
acc_open_past_24mths,0.02429531005271977
annual_inc,0.02063987940381499
tot_hi_cred_lim,0.015879172655387536
percent_bc_gt_75,0.013071821061030183
dti,0.012754534209072002
loan_amnt,0.011345454091550718
mths_since_last_record,0.0108236319638697
mo_sin_old_rev_tl_op,0.010552567013686209
addr_state,0.009867886976762188
home_ownership,0.009819212037318767
total_il_high_credit_limit,0.00926537649789285
bc_util,0.008599121830401475
num_tl_op_past_12m,0.00846678250216403
mths_since_recent_inq,0.008421298458711013
mths_since_last_delinq,0.007336215025469933
mo_sin_rcnt_rev_tl_op,0.007313702656182409
total_bal_ex_mort,0.007025840655336627
purpose,0.006939044350456202
total_rev_hi_lim,0.006832106981529209
pct_tl_nvr_dlq,0.006575072946910301
mths_since_recent_bc,0.006565361102328671
verification_status,0.0062909808600067835
mths_since_last_major_derog,0.005993465057264392
bc_open_to_buy,0.005888998620937125
total_bc_limit,0.005660885647713438
revol_util,0.0056203846043533946
mo_sin_old_il_acct,0.004982621244971683
inq_last_6mths,0.0048425038967984035
avg_cur_bal,0.004185548709348114
num_bc_tl,0.004148003295459126
mo_sin_rcnt_tl,0.00410662845339843
application_type,0.003974349138758516
revol_bal,0.003821919340649602
num_bc_sats,0.003361327629780426
tot_cur_bal,0.0033613052799094803
mths_since_recent_bc_dlq,0.0031593849614505154
delinq_2yrs,0.0023598410948672504
num_sats,0.0023319386774259686
num_il_tl,0.0016906636115033475
initial_list_status,0.0016347282870179671
num_rev_tl_bal_gt_0,0.001534312350119327
tot_coll_amt,0.0013592656186817097
open_acc,0.0013433159086912638
mort_acc,0.0013413341463571083
num_rev_accts,0.0012123277236762498
total_acc,0.0011432020470680438
num_op_rev_tl,0.001047492576880112
pub_rec_bankruptcies,0.0009939783126457367
num_actv_bc_tl,0.0009798140184261103
mths_since_recent_revol_delinq,0.0009739310288604372
collections_12_mths_ex_med,0.0008924099426074942
num_actv_rev_tl,0.0008924064045020368
pub_rec,0.0008593920174760431
num_accts_ever_120_pd,0.0008340767660388483
mths_since_recent_inq_missing,0.0008142576772224069
mths_since_recent_bc_dlq_missing,0.0008018611457634993
mths_since_last_major_derog_missing,0.0007917077176059508
tax_liens,0.0007911798410198294
delinq_amnt,0.0007866815757356659
num_tl_90g_dpd_24m,0.0007834626597530286
mths_since_last_record_missing,0.0007805620039862675
chargeoff_within_12_mths,0.0007792177198057248
mo_sin_old_il_acct_missing,0.0007696284282001794
revol_util_missing,0.0007560618160531211
acc_now_delinq,0.0007421024801221175
percent_bc_gt_75_missing,0.0007343796718528412
mths_since_last_delinq_missing,0.0007322022343053089
mths_since_recent_revol_delinq_missing,0.0007156157884885694
mths_since_recent_bc_missing,0.0007150697938378857
bc_util_missing,0.0007036282769807592
num_tl_30dpd,0.0006910273312165156
pct_tl_nvr_dlq_missing,0.0006908658915658034
