survshap_importance,naive_importance,survshap_rank,naive_rank,survshap_signed,naive_signed,sign_agrees,time_variation_share,rank_shift
0.037060980379447994,0.055226787248537475,1.0,1.0,-0.0020072276383013145,-0.004189748634992193,True,0.41269540618557726,0.0
0.02429531005271977,0.040024034811797636,2.0,2.0,0.000599736391106515,0.00044161043331590556,True,0.47599638812087885,0.0
0.02063987940381499,0.033032668456945476,3.0,3.0,0.004368920220639308,0.007208125371936307,True,0.4865329498341936,0.0
0.015879172655387536,0.025755770710481584,4.0,4.0,0.0021567366829903425,0.00352629151643759,True,0.4677525403854127,0.0
0.013071821061030183,0.02002263634167021,5.0,5.0,0.00019510338362680477,0.00018288589871008347,True,0.4097865746447217,0.0
0.012754534209072002,0.018207290498574176,6.0,7.0,0.003974624815744698,0.005171398807094738,True,0.3926424729602236,1.0
0.011345454091550718,0.016316965894746054,7.0,9.0,0.003427106644998122,0.005163036816667706,True,0.48139061719665716,2.0
0.0108236319638697,0.01892223524005341,8.0,6.0,-0.00950530248395305,-0.016677329015984708,True,0.49598544897627245,2.0
0.010552567013686209,0.017120856886480712,9.0,8.0,0.004030169910709474,0.006139929572262934,True,0.4689089753886558,1.0
0.009867886976762188,0.015472582253357603,10.0,10.0,-0.005796777748799298,-0.007932779754442195,True,0.4885147016277983,0.0
0.009819212037318767,0.01468701677755975,11.0,12.0,0.0022647151978175723,0.0034131454250234524,True,0.3809311311940583,1.0
0.00926537649789285,0.014812200802772584,12.0,11.0,0.0009053558562452072,0.0014890902685166278,True,0.4436571342338924,1.0
0.008599121830401475,0.013062621301371206,13.0,14.0,0.004038746212305143,0.00569984824056778,True,0.4653318026817016,1.0
0.00846678250216403,0.013485816907230337,14.0,13.0,0.0014640969004230595,0.0021479457015699823,True,0.4504930285305732,1.0
0.008421298458711013,0.01244848507809599,15.0,15.0,0.0004922693980643378,-5.248947338615899e-05,False,0.41353208693701293,0.0
0.007336215025469933,0.011816123958448787,16.0,17.0,-0.0028168673454078584,-0.0046719886088621146,True,0.4602319258339896,1.0
0.007313702656182409,0.011619524989975911,17.0,18.0,0.0011299263485835414,0.00179694102479032,True,0.432323538515876,1.0
0.007025840655336627,0.011176420558850955,18.0,19.0,-0.0014512599016845119,-0.0024006680971534904,True,0.43662224392778554,1.0
0.006939044350456202,0.009926943761469121,19.0,23.0,-0.0027460625488539303,-0.005130418072974198,True,0.45102571755816423,4.0
0.006832106981529209,0.011826960248247823,20.0,16.0,0.0016241441726881857,0.0029805228846208304,True,0.5367664369772543,4.0
0.006575072946910301,0.010358087803231324,21.0,22.0,-0.0016477447519505748,-0.0025336310575439693,True,0.44288938228610397,1.0
0.006565361102328671,0.010719372721677308,22.0,20.0,0.0006182378478148105,0.0011672633474823385,True,0.4664045133315076,2.0
0.0062909808600067835,0.009762882642426106,23.0,25.0,-0.0008525719399896178,-0.0016580502787175554,True,0.42004285991847456,2.0
0.005993465057264392,0.009920690936312652,24.0,24.0,-0.005263137306755857,-0.00879468448966807,True,0.4785244258202412,0.0
0.005888998620937125,0.01041517801261476,25.0,21.0,0.0007359287561249624,0.0013615529164519352,True,0.5696668771208808,4.0
0.005660885647713438,0.009471279324472193,26.0,26.0,0.002502446868011266,0.004231986123894727,True,0.5462442411682293,0.0
0.0056203846043533946,0.008471898715561185,27.0,27.0,0.0021738155440564483,0.0031248253895172265,True,0.44853136692172874,0.0
0.004982621244971683,0.007408623960827794,28.0,28.0,0.0027239580738610725,0.004102808249865698,True,0.4007088064427286,0.0
0.0048425038967984035,0.0068979712691026335,29.0,30.0,0.00240759214135616,0.0035115801133623133,True,0.3497076360483709,1.0
0.004185548709348114,0.0064816538015420215,30.0,32.0,-0.000579335771543875,-0.0009096482459346548,True,0.44699478362426226,2.0
0.004148003295459126,0.006705299900670245,31.0,31.0,-0.000479907654425282,-0.0008221866965542335,True,0.49533694751479346,0.0
0.00410662845339843,0.006317823043701485,32.0,33.0,-0.00011292086440255386,-3.707820685632462e-05,True,0.416978258317042,1.0
0.003974349138758516,0.007005862634925336,33.0,29.0,-0.0012865127665923689,-0.0021510863795096017,True,0.5228939122171568,4.0
0.003821919340649602,0.006112977090768905,34.0,34.0,0.0019065570867566606,0.00301272470736451,True,0.5362999867797192,0.0
0.003361327629780426,0.0057412946407774295,35.0,35.0,-0.00010319194869681423,-7.893472013345375e-05,True,0.543629415595033,0.0
0.0033613052799094803,0.00530114143925777,36.0,36.0,-3.9000461068499026e-05,0.00017254591441340662,False,0.4592357224596406,0.0
0.0031593849614505154,0.005049643668772983,37.0,37.0,-0.002259516187369043,-0.0035511123596742816,True,0.4520460069031729,0.0
0.0023598410948672504,0.0037511834225453823,38.0,38.0,-0.0002172457893271025,-0.0004360207311576939,True,0.4862145440311144,0.0
0.0023319386774259686,0.003444360125396172,39.0,39.0,0.0003018472253260778,0.0006886378235792764,True,0.41578571503667233,0.0
0.0016906636115033475,0.0028408729149270572,40.0,40.0,-0.0007832813696453536,-0.0014839275235826437,True,0.4798174545325413,0.0
0.0016347282870179671,0.0023601617703726692,41.0,41.0,0.000977790157454542,0.0014146386454392012,True,0.4601536536715766,0.0
0.001534312350119327,0.0015311621883418282,42.0,49.0,0.00010190880596139944,-1.7054897221643396e-05,False,0.47692227590856057,7.0
0.0013592656186817097,0.0021780687633814436,43.0,42.0,0.0002331520360746833,0.00046090351032670085,True,0.486553254185912,1.0
0.0013433159086912638,0.0017845938014139256,44.0,45.0,0.00012815152444291717,0.00021302555120134906,True,0.42850312876227586,1.0
0.0013413341463571083,0.0019616216684713774,45.0,43.0,-0.0001449446298130414,-6.977373238775425e-05,True,0.47925800630818266,2.0
0.0012123277236762498,0.0018009249659898731,46.0,44.0,-1.584214456875115e-05,-0.00016920069576880124,True,0.472261505767369,2.0
0.0011432020470680438,0.0016206215492750745,47.0,47.0,0.00018707072606285368,-7.058271199293882e-05,False,0.44233837399680226,0.0
0.001047492576880112,0.001657576053713174,48.0,46.0,-0.0001403326167191489,-0.0001585203021116644,True,0.5380948327980937,2.0
0.0009939783126457367,0.0014606683938690988,49.0,50.0,0.00011338206306444897,0.00026864089652993314,True,0.4704365616430023,1.0
0.0009798140184261103,0.0016079708835140061,50.0,48.0,-0.0001668548653649019,-6.55351885953796e-05,True,0.5545824711764668,2.0
0.0009739310288604372,0.001392451931471137,51.0,52.0,-6.181750733967334e-06,-9.569222423138737e-05,True,0.44720863994207605,1.0
0.0008924099426074942,0.0011883053915059739,52.0,54.0,-0.00010534155920519484,-0.00017935856647345453,True,0.461292777240148,2.0
0.0008924064045020368,0.0014044215075304449,53.0,51.0,3.515200204694906e-05,-3.411241872563167e-05,False,0.5115025142863632,2.0
0.0008593920174760431,0.0011727150272767934,54.0,55.0,7.553243866699774e-05,0.00014173330829605994,True,0.45741048472466106,1.0
0.0008340767660388483,0.001235547894762564,55.0,53.0,0.00020209717167577973,0.00013685214710808783,True,0.4719245110834198,2.0
0.0008142576772224069,0.0010547028746552328,56.0,65.0,-3.975597116467013e-05,-0.00019363109283474045,True,0.4457070552333985,9.0
0.0008018611457634993,0.0010989365574486805,57.0,60.0,0.0001285552130717247,-3.386337290889808e-05,False,0.4616238474161405,3.0
0.0007917077176059508,0.0011487121282460488,58.0,57.0,-6.734413593404318e-05,-5.694048511235314e-05,True,0.4801536303890232,1.0
0.0007911798410198294,0.0011480322598806845,59.0,58.0,0.00013990991404652618,0.00011108576923485265,True,0.4395623733312917,1.0
0.0007866815757356659,0.0011333845361649018,60.0,59.0,-0.00031468505284850323,-0.0005490953101197435,True,0.46686481899946947,1.0
0.0007834626597530286,0.000986608185112004,61.0,72.0,6.173458158532534e-05,0.00016645004115337336,True,0.4584963867707379,11.0
0.0007805620039862675,0.0011642466838458836,62.0,56.0,-0.0001045449462763377,4.0958251790074523e-07,False,0.4587540411018201,6.0
0.0007792177198057248,0.0010779091123305088,63.0,64.0,1.8211579752773057e-05,-0.0001006478699634472,False,0.43314845661624474,1.0
0.0007696284282001794,0.0010197124310886282,64.0,69.0,-0.00010083831843033814,-0.00020110072677035254,True,0.44254823275978056,5.0
0.0007560618160531211,0.0010497382335189816,65.0,67.0,-8.120537585415416e-05,3.6629785687430986e-05,False,0.4497598996784801,2.0
0.0007421024801221175,0.0009555490239367868,66.0,73.0,-1.925942971922752e-05,-9.213926461321984e-06,True,0.4631067472740337,7.0
0.0007343796718528412,0.0010883506192048238,67.0,62.0,0.00014823697230305797,-7.675047310430893e-05,False,0.4709353366376,5.0
0.0007322022343053089,0.0010544986995569404,68.0,66.0,3.8025776063247685e-05,-3.7913442881451443e-05,False,0.47391537643172627,2.0
0.0007156157884885694,0.0010176600848953612,69.0,70.0,5.354960742308239e-05,-8.146407418274434e-05,False,0.4788957977412472,1.0
0.0007150697938378857,0.0010437672095039287,70.0,68.0,3.6682412702124596e-05,-0.000103836949338637,False,0.47941545886217457,2.0
0.0007036282769807592,0.0010945548286636654,71.0,61.0,6.0869341794892646e-06,-5.473441912259784e-05,False,0.4789916807312466,10.0
0.0006910273312165156,0.0010868162228054505,72.0,63.0,-0.0001295822329465903,-4.0838302540191356e-05,True,0.44858116652728,9.0
0.0006908658915658034,0.0009891318095302847,73.0,71.0,2.0823703826120114e-05,-0.00011432867193984149,False,0.4565575017671663,2.0
