column,level,count,share
purpose,debt_consolidation,1276715,0.5655
purpose,credit_card,516612,0.2288
purpose,home_improvement,150238,0.0665
purpose,other,139000,0.0616
purpose,major_purchase,50315,0.0223
purpose,medical,27426,0.0121
purpose,small_business,24525,0.0109
purpose,car,23948,0.0106
purpose,vacation,15500,0.0069
purpose,moving,15353,0.0068
purpose,house,14091,0.0062
purpose,wedding,2299,0.001
purpose,renewable_energy,1442,0.0006
purpose,educational,326,0.0001
home_ownership,MORTGAGE,1110152,0.4917
home_ownership,RENT,893599,0.3958
home_ownership,OWN,252850,0.112
home_ownership,ANY,996,0.0004
home_ownership,OTHER,144,0.0001
home_ownership,NONE,49,0.0
verification_status,Source Verified,885902,0.3924
verification_status,Not Verified,742917,0.329
verification_status,Verified,628971,0.2786
addr_state,CA,314188,0.1392
addr_state,TX,186146,0.0824
addr_state,NY,186130,0.0824
addr_state,FL,161745,0.0716
addr_state,IL,91021,0.0403
addr_state,NJ,82994,0.0368
addr_state,PA,76799,0.034
addr_state,OH,75026,0.0332
addr_state,GA,74087,0.0328
addr_state,VA,62871,0.0278
addr_state,NC,62685,0.0278
addr_state,MI,58693,0.026
addr_state,MD,53937,0.0239
addr_state,AZ,53722,0.0238
addr_state,MA,51689,0.0229
addr_state,(other 36 levels),666057,0.295
application_type,Individual,2137087,0.9465
application_type,Joint App,120703,0.0535
initial_list_status,w,1535382,0.68
initial_list_status,f,722408,0.32
grade,B,663174,0.2937
grade,C,649384,0.2876
grade,A,432923,0.1917
grade,D,323707,0.1434
grade,E,135078,0.0598
grade,F,41553,0.0184
grade,G,11971,0.0053
sub_grade,C1,145776,0.0646
sub_grade,B5,140184,0.0621
sub_grade,B4,139710,0.0619
sub_grade,B3,131434,0.0582
sub_grade,C2,130966,0.058
sub_grade,C3,129056,0.0572
sub_grade,C4,126974,0.0562
sub_grade,B2,126563,0.0561
sub_grade,B1,125283,0.0555
sub_grade,C5,116612,0.0516
sub_grade,A5,107565,0.0476
sub_grade,A4,95852,0.0425
sub_grade,A1,86786,0.0384
sub_grade,D1,81659,0.0362
sub_grade,A3,73170,0.0324
sub_grade,(other 20 levels),500200,0.2215
grade,B,663174,0.2937
grade,C,649384,0.2876
grade,A,432923,0.1917
grade,D,323707,0.1434
grade,E,135078,0.0598
grade,F,41553,0.0184
grade,G,11971,0.0053
