feature,loan_amnt,installment,annual_inc,dti,open_acc,total_acc,revol_bal,revol_util,mort_acc,delinq_2yrs,inq_last_6mths,pub_rec,pub_rec_bankruptcies,tax_liens,acc_now_delinq,delinq_amnt,chargeoff_within_12_mths,collections_12_mths_ex_med,mths_since_last_delinq,mths_since_last_record,mths_since_last_major_derog,tot_coll_amt,tot_cur_bal,total_rev_hi_lim,acc_open_past_24mths,avg_cur_bal,bc_open_to_buy,bc_util,mo_sin_old_il_acct,mo_sin_old_rev_tl_op,mo_sin_rcnt_rev_tl_op,mo_sin_rcnt_tl,mths_since_recent_bc,mths_since_recent_bc_dlq,mths_since_recent_inq,mths_since_recent_revol_delinq,num_accts_ever_120_pd,num_actv_bc_tl,num_actv_rev_tl,num_bc_sats,num_bc_tl,num_il_tl,num_op_rev_tl,num_rev_accts,num_rev_tl_bal_gt_0,num_sats,num_tl_30dpd,num_tl_90g_dpd_24m,num_tl_op_past_12m,pct_tl_nvr_dlq,percent_bc_gt_75,tot_hi_cred_lim,total_bal_ex_mort,total_bc_limit,total_il_high_credit_limit,fico_midpoint,emp_length_years,installment_to_income,loan_to_income,log_annual_inc,int_rate
loan_amnt,1.0,0.9452799452086559,0.2990258533464543,0.04122260045481055,0.18342148565710165,0.20037775525714324,0.30736800738923814,0.09971264764039828,0.2184188010776438,-0.005703528956168105,-0.02230957545415529,-0.05947953209776443,-0.08547912629367282,0.009171681192186497,-0.0029055410101749726,-0.00106424312861529,-0.001982604775195392,-0.023883711402672977,-0.015464457950966713,0.013195278297791027,-0.003990239874821511,-0.002682834290510273,0.3104104289633781,0.2907974043954121,-2.296486419284599e-05,0.22786787573430967,0.2031294393088178,0.04859034149435365,0.12480110214570186,0.16505674244327062,0.05123173048310421,0.026825990594323407,0.03780371807712569,-0.03942339277438523,0.000964810590046317,-0.02492498286265846,-0.05386031117755804,0.19160401046510264,0.15043579173814647,0.21228184106905068,0.1890094327638068,0.08332125946971158,0.16381128076124557,0.16218952631878042,0.14981414204742713,0.18098638215449053,0.0007971652390017213,-0.020154413944518973,-0.0251888123033494,0.08997256850543421,0.02266464654092826,0.33445688189791495,0.2725162944839867,0.3689986257272242,0.20664944496404355,0.10952260868424833,0.07825018186215785,0.0032296116653611983,0.0032971210286559067,0.4079494017549502,0.09942894237180606
installment,0.9452799452086559,1.0,0.28760529282616926,0.0431801022238265,0.17334344175614264,0.17992073923640733,0.29372687245569207,0.12100615603888934,0.1839445120958099,0.005931685359016713,0.003628142866828746,-0.045511315632249465,-0.0755927826479462,0.01808351153955255,0.00010842865998604218,-1.7084881847402123e-05,0.0009393459144367179,-0.019736780573609277,-0.024693886001096267,-0.004106974567347579,-0.011408987182241486,-0.0018361150802932594,0.2782830749398696,0.264370660019841,0.0191642428693854,0.19976837367020958,0.16531733629142703,0.07399674292542378,0.10053830173064003,0.14044852061475754,0.03253534448783355,0.013658101848559655,0.02032277296991856,-0.04161852625246558,-0.013535975104607974,-0.030311735568226836,-0.04266064252014705,0.19454436258592603,0.15753258773908843,0.20431534273752858,0.17977804023062724,0.06770746910050109,0.1600731047582292,0.1537454351270007,0.15691061312703888,0.17050636842702763,0.002877676119841156,-0.013092930493796746,-0.002292646493806864,0.07038688814690806,0.04590254518688493,0.2991167893082252,0.2557687417419292,0.3319625275701842,0.1901908377955403,0.05170490972192166,0.0651554850561929,0.0018277540549886194,0.0015588554636004276,0.3875588621752071,0.12653818827254454
annual_inc,0.2990258533464543,0.28760529282616926,1.0,-0.12509929487404417,0.14588044736859404,0.17927848010191844,0.28815935694687184,0.043773251450322154,0.2098301404317062,0.04217448133553441,0.03239602849928331,0.0005634241313320222,-0.04270728893362497,0.04642351716055302,0.009774634553770992,0.004450450680774625,0.008738815193971912,-0.006955137925936608,-0.049650565684115265,-0.06928513292412068,-0.016261122024961976,0.0012679766097915164,0.3952908296802973,0.2555418635043877,0.06124288642368814,0.296827384886663,0.15619428598805496,0.008150629389929484,0.11336035678146288,0.13737550764709375,0.024602718789054154,-0.03321294855372022,0.02398432769797401,-0.03724030237500985,-0.04523503574359316,-0.027736632799908,0.012917677392906786,0.12011265808084436,0.0890833159618032,0.1345933522673395,0.13530206903016775,0.10942235700159385,0.08911825666372375,0.10718925916205936,0.08798703811380285,0.14425759908369912,0.009806351368336385,0.005579659404047795,0.05382804751620288,-0.0063507249434254995,-0.004264975035667893,0.41125613374095993,0.3203547953218583,0.2737241252595092,0.27242338682663586,0.0555518838841855,0.0638549972570414,-0.003972860769219968,-0.003448394156848479,0.607144814266743,-0.07653156616859084
dti,0.04122260045481055,0.0431801022238265,-0.12509929487404417,1.0,0.18615359117158922,0.1488940284533317,0.09912552740053032,0.11455379313932089,-0.007389403654380817,-0.015269332432778423,-0.009657924737460808,-0.021804369333163945,-0.009518393189777307,-0.016559973167889888,-0.0005682213830788184,-0.006255856840669449,-0.0029173736250070427,-0.007637358213020318,0.018986472982391474,0.054362729703545866,0.025465114255473924,-0.00238498077168179,0.021472105498320952,0.05418488528803516,0.08578963444397761,-0.056864029020179785,-0.03779498089639879,0.1194723665804445,0.035798966721797894,0.03931302535914496,-0.0074239759311490435,-0.05492111069350222,0.001825754953904454,0.020872259651571506,0.0042296071662029245,0.012790749839639688,-0.025745063846291022,0.10934957319949776,0.15882128015194796,0.07018459581546792,0.04849715423619381,0.14473218845149155,0.1178659109182991,0.09065325531258621,0.16122163845701906,0.18263536838987937,-0.0006370957418566164,-0.015026476811894831,0.04413087662795015,0.06423626190164052,0.10419984415427905,0.031176791232562766,0.1926698300354822,0.03596994958094068,0.21837267659048937,-0.030521516534630835,0.02022738321351937,0.317548727051668,0.3306408625829252,-0.24475377719710886,0.12570140334289526
open_acc,0.18342148565710165,0.17334344175614264,0.14588044736859404,0.18615359117158922,1.0,0.7191011173177176,0.23016573527354478,-0.13687682577307456,0.139802325713327,0.048055682137300486,0.14464456397313216,-0.015062518227221756,-0.019343686983141543,-0.0023471476720773737,0.015199555025993261,0.002612388693036102,0.01002207520534779,0.008240944547989038,-0.03439924101473631,0.016523694387517336,0.014296502081075876,-0.0011060688277781756,0.2557607534320948,0.3522566646070205,0.4966030966384018,-0.10295731624573984,0.31893352081289056,-0.10109010981373438,0.1469618437356141,0.14685679793776507,-0.23592146565438202,-0.231817180451554,-0.20659869599509642,-0.015293532385980212,-0.10580183746608529,-0.049296393078219126,0.02238068911357835,0.563964387759948,0.6725214341563058,0.6457615345654395,0.5456011635414448,0.397988973184595,0.8385949949238549,0.6716141356865799,0.6747877434358,0.9989963098295322,0.012690009329425897,0.012284545262422335,0.3752238095354088,0.11111014015040666,-0.09122196875741768,0.2979178130535709,0.39931151377352714,0.3884275326206491,0.36361072434533415,0.020619199935838238,0.05567695939936824,-0.002218484283878152,-0.0019289305525797553,0.22825664260020115,-0.009560972700850684
total_acc,0.20037775525714324,0.17992073923640733,0.17927848010191844,0.1488940284533317,0.7191011173177176,1.0,0.1983561314701299,-0.09491426475317429,0.3730759870657585,0.11865792250547726,0.1596194805294849,0.0033276344062797823,0.021345109955459577,-0.015258863686565071,0.025473687198966727,0.007443501488638735,0.04264151157526933,0.002506848591509525,-0.04217747971417217,-0.1620297770990915,-0.039621282503588755,0.0038865642706700987,0.32106769434160176,0.282930187033097,0.4339446592905828,0.05628866782304405,0.24418198811064543,-0.07200245616017495,0.3419032065210596,0.281929435736504,-0.17029086130271207,-0.21435813271558576,-0.12312003827446187,0.009959949937285589,-0.12872980264671632,-0.020181225593373837,0.1478324636954982,0.31835163837197655,0.41746468584833074,0.4189662822639844,0.6292823008037957,0.6899123385862742,0.5775907674757824,0.7645063521876432,0.41829908932531285,0.7169539512425026,0.018269919744790922,0.06941751116163847,0.33640525450397957,0.021970003026826675,-0.057988882140954524,0.34742525369427085,0.43360525312876375,0.2988565975293608,0.4230688573030087,0.017215645907728668,0.11115749882141518,0.00022153838549927534,0.0006449610922361603,0.2783244196337037,-0.03941289230591927
revol_bal,0.30736800738923814,0.29372687245569207,0.28815935694687184,0.09912552740053032,0.23016573527354478,0.1983561314701299,1.0,0.2351613159324616,0.20369744168937995,-0.026702079549674164,-0.011314446625778076,-0.08133772665379785,-0.10441086158373422,-0.007507318738120358,0.001598540560286359,-0.0011609035046721452,-0.009188856648200275,-0.024254637900059377,-0.014961244425947765,-0.008300806035080693,0.0059274779049485575,-0.0038530073251658572,0.44270121471311935,0.8060967336052817,-0.008024416903066989,0.28539197407259254,0.16258797415059342,0.16954561417613892,0.09930817272187159,0.2216229072896964,0.018718168776776727,0.02023473112912853,0.025201682235756077,-0.028798676146387217,0.01036520867165299,-0.03155343302772064,-0.073921363827629,0.30637377544923194,0.3038686134682091,0.2739866174219551,0.22802111117915447,0.02885392803753288,0.23547506952408423,0.21549063476645366,0.30383191304977913,0.22796939746263384,0.005473365307824784,-0.03186243755382464,-0.021399297245013996,0.10798374970819219,0.13408176442380723,0.48037036646192355,0.5271905564430813,0.4706039305800983,0.13976167845845658,0.011015601402509685,0.08306686489302074,-0.0015423784283403242,-0.0013212103280762749,0.30446995078011707,-0.028827869004137675
revol_util,0.09971264764039828,0.12100615603888934,0.043773251450322154,0.11455379313932089,-0.13687682577307456,-0.09491426475317429,0.2351613159324616,1.0,0.03392845693040743,-0.001128957623345627,-0.08182473190258474,-0.04961459532678982,-0.07112270527011111,-0.0002615710563369497,-0.021839865046865473,-0.008475844295357022,-0.00974863226438883,-0.0356892313557435,0.004786347235627519,0.02929527936196004,-0.005454036017843273,-0.004675426685416831,0.08569958316786473,-0.1201325264421894,-0.22333603909225275,0.13127981693782975,-0.48506028008455804,0.8688396126259075,0.06901633933949451,0.02209553531877046,0.1826435372861858,0.1662075906425612,0.14522526709410957,0.013267119565695665,0.094323172174083,0.020777795903290062,-0.024264300537233077,0.10556633276505935,0.10872203877291563,-0.12319308873576588,-0.12638907035591898,0.022555544553968958,-0.1999047183029726,-0.17071954527009897,0.11465218002987303,-0.13840818182708195,-0.017134850353341665,-0.006139023724359999,-0.21771995705198377,-0.027791202417171288,0.739249776268079,0.027329050175153927,0.12356104093656407,-0.17814990587625693,0.034856861842208695,-0.47782449146884626,0.03406560905412751,-0.0007084259310964947,-0.0011204306058755255,0.06790186888715438,0.26202211815576537
mort_acc,0.2184188010776438,0.1839445120958099,0.2098301404317062,-0.007389403654380817,0.139802325713327,0.3730759870657585,0.20369744168937995,0.03392845693040743,1.0,0.07672600248719727,0.04765842052665704,-0.012666228125350525,-0.008843012399890873,-0.011123110357681074,0.027661341753038384,0.011436678180923648,0.023952623150017643,-0.015534069905404327,-0.06030983977543258,-0.11915404422497296,-0.052308687907418994,0.0012085141637591772,0.5399733250640273,0.1982568292907082,0.07588584026530716,0.46534237449622173,0.1273241227274007,0.013534708798977196,0.18835483544819484,0.2893250532264075,0.02520981972856315,-0.059529606274166175,0.05662679380844921,-0.01978478991388611,-0.06452517643019054,-0.026970805502595924,0.0604796894275106,0.043665006091792705,0.0632867606864577,0.07785355087088285,0.1941136331892491,0.100279308607227,0.08981496317228782,0.22599636022112043,0.06198660875805527,0.13773186055153272,0.022350802835444623,0.029488058727746954,0.06929803194818479,-0.034756591029619865,0.0132541470196603,0.5426482490268699,0.16265359169654814,0.20705110287150513,0.12448038348283604,0.09335702056949649,0.1916355348212629,0.0011979033863327331,0.0014634788705958726,0.2897448905225326,-0.09078249400747707
delinq_2yrs,-0.005703528956168105,0.005931685359016713,0.04217448133553441,-0.015269332432778423,0.048055682137300486,0.11865792250547726,-0.026702079549674164,-0.001128957623345627,0.07672600248719727,1.0,0.021520831336504165,-0.021011238032999185,-0.05192018782034583,0.015486065372805308,0.11775541601989122,0.0318366692404782,0.1452097140003555,0.06713368554457963,-0.554610792294585,-0.08156013008107005,-0.4373421727892108,-0.0007250759095228789,0.054187074510944684,-0.04377440776662766,-0.05134328120593918,0.04469243098714545,-0.06212913534486086,0.0022776134001100327,0.07896526766163267,0.08065466986884441,0.030421434305659033,0.021086476254947677,0.057142635489724175,-0.47771479836119674,-0.02973827206766325,-0.5056010461829146,0.2209707148609741,-0.03720927095406033,-0.0007328003664655491,-0.030666010725568866,0.03202906627939236,0.08428337602585267,0.00772754848652867,0.07804187775343174,-0.0048099216248126755,0.04408769227854332,0.10065383573975914,0.6567607933759287,-0.023702713579628408,-0.44611021483145896,-0.000880991503199954,0.054328041913237785,0.025631883735681885,-0.07949104166033594,0.053702418086789536,-0.18093360398301755,0.024819649631863155,0.0012881445131028174,0.00143252631596127,0.06654056929998174,0.060268597185134824
inq_last_6mths,-0.02230957545415529,0.003628142866828746,0.03239602849928331,-0.009657924737460808,0.14464456397313216,0.1596194805294849,-0.011314446625778076,-0.08182473190258474,0.04765842052665704,0.021520831336504165,1.0,0.06867238241758467,0.07593243964921988,0.016019517435001768,0.0006964291721616428,-0.003770377809332035,0.014510481901366837,0.012243397379200965,0.02301532779935058,-0.07787243926503974,-0.013640139634449568,0.002700802344032223,0.032418977808458156,0.017818391228262214,0.2813217779152162,-0.02156997696497961,0.017216851873604777,-0.06924933775086115,0.011488626901353705,-0.005090280811439553,-0.1896520483615173,-0.22734748252390125,-0.1280279666411711,0.04522687702179743,-0.5640197517396441,0.03805221823375468,0.049001938196959804,0.07831580843979785,0.1265347535331099,0.1252611627407574,0.141850688615552,0.07124287045159686,0.14974763549490233,0.1639059842188851,0.10911713974680522,0.14640641882125785,-0.0011942979271171842,0.02662406938759271,0.33331798580103,-0.02550367890918373,-0.061740102914020115,0.032360861921749876,0.04139564824952306,-0.0016113966152730879,0.04835180712266232,-0.09203465966908679,0.001742389528493201,-0.0020776993155866325,-0.0019461621874855832,0.04832413780445399,0.19115113453341362
pub_rec,-0.05947953209776443,-0.045511315632249465,0.0005634241313320222,-0.021804369333163945,-0.015062518227221756,0.0033276344062797823,-0.08133772665379785,-0.04961459532678982,-0.012666228125350525,-0.021011238032999185,0.06867238241758467,1.0,0.6722276546117822,0.6796021534560038,-0.0001323876872920736,0.003698158538145825,-0.004206495839048139,0.010287099808944787,0.07708136596909003,-0.2895495267444823,0.07538099193371667,0.0017990877403020584,-0.06366724954977143,-0.08523720101466066,0.09701198241965032,-0.052619211661587215,-0.08618390533425643,-0.020592387895416446,0.03220466708591729,0.03774375075842958,-0.06559556837314894,-0.060977315187019134,-0.04771830679580751,0.09110347746803146,-0.05835158035068757,0.08485237290787256,0.014120370677363537,-0.031035805392195807,0.0022527401166089304,-0.036309599644803535,-0.004779189775032522,-0.013907952477329849,0.0045034720238528525,0.019636152667774093,-0.00175284330394741,-0.021731673584784634,-0.0026907014572408257,-0.0016148450514624135,0.08724260734073062,-0.008986164104205026,-0.03189152585178234,-0.07079649233456536,-0.049551090264922625,-0.12690431949277764,-0.0178222816958088,-0.19347242794914224,0.03392577680837774,-0.0008791352951596677,-0.0008865780565047273,-0.0029205077961298137,0.05453566705181755
pub_rec_bankruptcies,-0.08547912629367282,-0.0755927826479462,-0.04270728893362497,-0.009518393189777307,-0.019343686983141543,0.021345109955459577,-0.10441086158373422,-0.07112270527011111,-0.008843012399890873,-0.05192018782034583,0.07593243964921988,0.6722276546117822,1.0,0.031141890554089776,-0.012278978045399383,-0.002900021075780808,-0.012853101727648463,-0.005513446275008696,0.11175036822122544,0.2582107707737098,0.08765513496199129,-0.0008641980820701728,-0.09015741946736376,-0.10125321745195867,0.11208288225210969,-0.0759785965678988,-0.09249770958473436,-0.029027750633508015,0.024155869680936113,0.034642938970223434,-0.08084575609262772,-0.06874503223034997,-0.06281702078584536,0.1050846322535299,-0.05873891124005878,0.10051315475153694,-0.032985430764049875,-0.05779437143273495,-0.01120634428318715,-0.05338153868730366,0.0035479361548909336,-0.012074374820714053,0.006688168544966054,0.04584052103606399,-0.01685752254115344,-0.027843924111004503,-0.013571780566458674,-0.015959562159536655,0.09525648602574582,0.05183341607938138,-0.03431284225677323,-0.10113539734953765,-0.07095071930672006,-0.14306362560971633,-0.034349316117425324,-0.19662579764088303,0.023902271790811908,-0.0010717078744931809,-0.001003493721224304,-0.05284472160474411,0.05444879114208057
tax_liens,0.009171681192186497,0.01808351153955255,0.04642351716055302,-0.016559973167889888,-0.0023471476720773737,-0.015258863686565071,-0.007507318738120358,-0.0002615710563369497,-0.011123110357681074,0.015486065372805308,0.016019517435001768,0.6796021534560038,0.031141890554089776,1.0,0.008127074423083771,0.006424228280816201,0.0010830439115886246,0.013786585729354778,0.00010556332588047003,-0.30801021806657464,0.00936197152784022,0.0011050813921969437,-0.001188734703228909,-0.015564920346310318,0.018141723440903854,-0.0005142427736179213,-0.021821751261069177,-0.00030394261825431284,0.01673771761663584,0.0168612543426823,-0.008662270420920751,-0.012450358307963101,-0.0017694673744664256,0.008344026207879945,-0.019326550501246393,0.005869860654379507,0.016569108215563184,0.014039552150055338,0.010664744318884903,0.00504261547363685,-0.006425193404043154,-0.008956566949693925,0.0010355414647921764,-0.013995782905222067,0.011101358893293044,-0.003751836666027481,0.007383885688813832,0.008890847076120208,0.01859964011020128,-0.033551185083719404,-0.010182574033400964,1.3929841427004248e-05,0.0043907077872270125,-0.025873449438147025,0.013108312239923267,-0.06238260435509776,0.01857111109174057,-5.2098319490783284e-05,-0.00015023274401951408,0.04978511499098711,0.016792288963446606
acc_now_delinq,-0.0029055410101749726,0.00010842865998604218,0.009774634553770992,-0.0005682213830788184,0.015199555025993261,0.025473687198966727,0.001598540560286359,-0.021839865046865473,0.027661341753038384,0.11775541601989122,0.0006964291721616428,-0.0001323876872920736,-0.012278978045399383,0.008127074423083771,1.0,0.17163650833838603,0.037275266045815394,0.009758290991949695,-0.13545163615255412,-0.03298535566729533,-0.10828485187162401,-0.00020953581452131284,0.023788303919461903,0.007936101651389808,-0.004740615132800927,0.017910866514370082,0.007342924952786542,-0.018881977587713695,0.012283645686309031,0.029135133446609646,0.0004396316778220959,0.0007773693048385703,0.013655432829055132,-0.10739643366520506,0.00016609884915136627,-0.11674472027416073,0.019243749335142467,-0.007207255243458938,0.00188955237208151,-0.003434128671774205,0.017100942651481238,0.004247790842182481,0.011500299560496276,0.02579603276999763,0.0016346070574471026,0.005553684634233691,0.8247397894031933,0.04906920208514574,-0.00643266294983504,-0.04638421311597972,-0.01670269869038197,0.02632099117889883,0.0033980886915365147,0.002443952583990962,0.007076623187262375,-0.03978007995716512,0.009426554394003228,-0.00023601196473893582,-0.00021283336826122455,0.01608789436081759,0.01777431968359538
delinq_amnt,-0.00106424312861529,-1.7084881847402123e-05,0.004450450680774625,-0.006255856840669449,0.002612388693036102,0.007443501488638735,-0.0011609035046721452,-0.008475844295357022,0.011436678180923648,0.0318366692404782,-0.003770377809332035,0.003698158538145825,-0.002900021075780808,0.006424228280816201,0.17163650833838603,1.0,0.013322527323127298,0.00965404759033461,-0.035947648066255285,-0.015369712698390266,-0.060623135506587954,0.00017837259248188605,0.01701831872845267,0.0008647034946123642,-0.005708948567223225,0.015570593433880175,0.0020661264770602773,-0.007069013093413027,0.004404131728115319,0.008296694979749032,0.002192215451347314,0.0025061426278129967,-5.486266898793747e-05,-0.010420718611663498,0.003828173615833361,-0.0062843950188141,0.02095174747743075,-0.0007495249701411549,-0.00034076015738264095,0.001532644614268707,0.005062294245453809,0.00024480715341538417,0.002146633602053837,0.007157555006936412,-0.0015069168805256165,-0.0007751202989708568,0.04966670095232302,0.04229917367351825,-0.005038627592067154,-0.011491837741305728,-0.008633235956948164,0.01661943365068127,-0.0004243092290653874,-0.00017998896523760774,-0.0014214833321434047,-0.00859722519253031,0.0006840079019434475,-7.611968917380912e-05,-6.79979447191105e-05,0.007386091634010419,0.003319166314715744
chargeoff_within_12_mths,-0.001982604775195392,0.0009393459144367179,0.008738815193971912,-0.0029173736250070427,0.01002207520534779,0.04264151157526933,-0.009188856648200275,-0.00974863226438883,0.023952623150017643,0.1452097140003555,0.014510481901366837,-0.004206495839048139,-0.012853101727648463,0.0010830439115886246,0.037275266045815394,0.013322527323127298,1.0,0.04151547945391246,-0.10326005427985677,-0.03151658235470714,-0.2043396593187711,0.0006277691435702116,0.0038151742520671533,-0.00991977520089879,0.006931495492021796,0.002002695935364611,-0.01269834710943496,-0.008632636001446484,0.014693456022503357,0.03198156852462132,-0.0032529215217097915,-0.003834427601865545,0.007246222734134086,-0.04914983856869028,-0.012438331058375742,-0.06067565322141429,0.11635194830549406,-0.0062666616754700095,0.00584400339556558,0.00090894625536359,0.03501000241132151,0.01077220898712143,0.009919373160769079,0.04595030341419966,0.0028461283979658233,0.008624694320879709,0.000770110908676891,0.20752136172055907,0.006866998522065416,-0.08560769240338406,-0.008737566165094619,0.0043325037859416205,-0.0038049970839381495,-0.018342333037762754,0.0034525162160112554,-0.0560540266834127,0.009983506104327255,-0.0002812176715263189,-0.0002574220915408088,0.016153146225074612,0.015221962921086248
collections_12_mths_ex_med,-0.023883711402672977,-0.019736780573609277,-0.006955137925936608,-0.007637358213020318,0.008240944547989038,0.002506848591509525,-0.024254637900059377,-0.0356892313557435,-0.015534069905404327,0.06713368554457963,0.012243397379200965,0.010287099808944787,-0.005513446275008696,0.013786585729354778,0.009758290991949695,0.00965404759033461,0.04151547945391246,1.0,-0.03815420258936248,-0.022411297729320368,-0.136546707224617,0.005091534736432864,-0.016139893868196642,-0.018845285471676815,0.014593045161589692,-0.01666691633037002,-0.012919375381955473,-0.031989407910422936,0.0075411111855368035,-0.006784117307479082,-0.01280723168051409,-0.008393913462579637,-0.00827496677523532,-0.0077075065783564715,-0.014389387675417,-0.007360090890099015,0.042170955011068614,-0.00301773929773027,0.00814990700067544,0.004539557910017464,-0.010948362054836859,0.0037469173533483764,0.006065289381063587,-0.001278046974548762,-1.209341420572805e-05,0.006243229086591818,0.0008899592160373385,0.10015323624683814,0.013400333677472518,-0.04423441985167352,-0.03249633386147986,-0.015719761570896957,-0.013684456946148131,-0.02525161357435837,-0.004314958904439816,-0.07453179332911726,-0.008912625794985203,-0.0004145520104797132,-0.00038480059318431203,-0.0058524467159493335,0.020542808749144218
mths_since_last_delinq,-0.015464457950966713,-0.024693886001096267,-0.049650565684115265,0.018986472982391474,-0.03439924101473631,-0.04217747971417217,-0.014961244425947765,0.004786347235627519,-0.06030983977543258,-0.554610792294585,0.02301532779935058,0.07708136596909003,0.11175036822122544,0.00010556332588047003,-0.13545163615255412,-0.035947648066255285,-0.10326005427985677,-0.03815420258936248,1.0,-0.019188720822067223,0.7015211579572874,0.004271736374400155,-0.0674843837975209,-0.01101704832971714,0.11535128597980172,-0.05736550867514033,0.001787138375771358,0.006601409534696384,0.003087980959449476,-0.04401912570090491,-0.06871879471312287,-0.06535549986678962,-0.08539522764656755,0.7712372248831347,-0.0035774108565228085,0.8647153352188021,0.005073689929330483,0.03149540492778851,0.014046226978653943,0.022419197777498043,0.002196227628171486,-0.0100735888464675,-0.012043049889151551,-0.03452133380395636,0.013318365748020266,-0.032907167892501366,-0.11238615258749236,-0.22301164061025272,0.08832206631151515,0.19557923853484527,0.002873096318227589,-0.07734479924570836,-0.019839029489231552,0.004439632990136276,-0.030558177143331998,0.10048886398628529,-0.002304849194644306,-0.0030147577796245197,-0.003044492232567838,-0.06461031710119865,-0.03812162726933259
mths_since_last_record,0.013195278297791027,-0.004106974567347579,-0.06928513292412068,0.054362729703545866,0.016523694387517336,-0.1620297770990915,-0.008300806035080693,0.02929527936196004,-0.11915404422497296,-0.08156013008107005,-0.07787243926503974,-0.2895495267444823,0.2582107707737098,-0.30801021806657464,-0.03298535566729533,-0.015369712698390266,-0.03151658235470714,-0.022411297729320368,-0.019188720822067223,1.0,0.029203905890458275,-0.06661889844881874,0.014165361582529947,0.005722501988543249,-0.0878640175054402,0.002124082661277982,0.01538923855811413,0.04510119000718454,-0.07649562959510818,-0.13334904030557132,0.03359898605662573,0.04219892131887256,0.036875636643551424,-0.07898968698632278,0.06733773940592735,-0.08717455925529093,-0.16507964675322812,0.014724175791278075,0.030082944490021357,-0.01661577745442547,-0.18058026292484836,-0.04833433917495392,0.028961505698159397,-0.1613174589603343,0.03955940446916272,0.026385071964735208,-0.02069414983102564,-0.07038525913488257,-0.08507208564872927,0.2088314121999218,0.05823277448811728,0.009821837218618585,-0.014578977255752466,0.01770731771726964,-0.01056050657199383,0.2530789726889993,0.04399368128309935,-0.0006755973881705661,0.0012776735046477505,-0.06190617895741378,-0.02114856754752605
mths_since_last_major_derog,-0.003990239874821511,-0.011408987182241486,-0.016261122024961976,0.025465114255473924,0.014296502081075876,-0.039621282503588755,0.0059274779049485575,-0.005454036017843273,-0.052308687907418994,-0.4373421727892108,-0.013640139634449568,0.07538099193371667,0.08765513496199129,0.00936197152784022,-0.10828485187162401,-0.060623135506587954,-0.2043396593187711,-0.136546707224617,0.7015211579572874,0.029203905890458275,1.0,0.0026131305205853435,-0.024420067934154716,0.02282145716804014,0.12667816533654885,-0.036661371252609556,0.031422767165985035,0.00451382042609964,-0.006447031244495566,-0.005343016021242957,-0.06459180693836314,-0.06829095525500774,-0.08232358292979358,0.584236797414033,0.015848546360828906,0.5739212892022388,-0.08517665774502291,0.04552698097141596,0.0380409640206123,0.02910292391654441,0.0033575504517470082,-0.02603509843970036,0.04298585552892994,-0.013969749879621088,0.049305609910669825,0.017757011551938612,-0.0233807333713676,-0.46928942594188844,0.06417228980426053,0.14001016713360154,0.005272589066063872,-0.0293623596626054,-0.010323333635157042,0.030095505718062972,-0.016125739439186958,0.08690568330317504,0.019980052235161215,-0.006311907924203623,-0.006334159626187448,-0.031219621538525574,-0.03428154864041019
tot_coll_amt,-0.002682834290510273,-0.0018361150802932594,0.0012679766097915164,-0.00238498077168179,-0.0011060688277781756,0.0038865642706700987,-0.0038530073251658572,-0.004675426685416831,0.0012085141637591772,-0.0007250759095228789,0.002700802344032223,0.0017990877403020584,-0.0008641980820701728,0.0011050813921969437,-0.00020953581452131284,0.00017837259248188605,0.0006277691435702116,0.005091534736432864,0.004271736374400155,-0.06661889844881874,0.0026131305205853435,1.0,0.00042078908399440776,-0.0035501173505317492,0.0015469891503875268,0.0014552872402729304,-0.003232422376723525,-0.0021983840647391774,0.001736813563228635,0.0016044857292238088,-0.0024726416894541277,-0.002590891201816267,-0.001973500469406476,0.00590352071019281,-0.002864143510476609,0.005980933890234852,0.02299765093193299,-0.004038379063841176,-0.0028700818657486807,-0.0024939335637525735,0.0019000787179139617,0.003222860958360874,-0.000959276458099505,0.0025591557579747286,-0.0028300133932553733,-0.0010707126642413838,-0.00030211981956404824,0.00022652455264088098,0.0029969362879207063,-0.012365101513819667,-0.003395695395154568,0.00037758434217524125,0.0010971101309821013,-0.0055154646144818095,0.003682836337508889,-0.010020773551343993,-0.002705378313041342,-4.034111187691776e-05,-3.914531373969966e-05,0.002459238262139056,0.002131953486446118
tot_cur_bal,0.3104104289633781,0.2782830749398696,0.3952908296802973,0.021472105498320952,0.2557607534320948,0.32106769434160176,0.44270121471311935,0.08569958316786473,0.5399733250640273,0.054187074510944684,0.032418977808458156,-0.06366724954977143,-0.09015741946736376,-0.001188734703228909,0.023788303919461903,0.01701831872845267,0.0038151742520671533,-0.016139893868196642,-0.0674843837975209,0.014165361582529947,-0.024420067934154716,0.00042078908399440776,1.0,0.3826145563971083,0.11289938686060191,0.8323706253137751,0.16662269779538863,0.04324482162912906,0.1767680456334018,0.1820307236473918,0.032826604056855196,-0.0792360487295031,0.04772516091385921,-0.039028452771054906,-0.05941550966859703,-0.039155148924575445,0.016753533212455242,0.10785898059308238,0.1032410821265034,0.12524417064835455,0.14498334036921637,0.2217453327656132,0.10220982997110986,0.1435544323316737,0.103058629236052,0.255706440197297,0.022146999075698313,0.0060521715289125685,0.0994648676429654,0.009009206758343791,0.035247215752315986,0.9770907386009432,0.5367318959750204,0.31816836463310316,0.4297205402878241,0.11834702916614333,0.09850325065520563,-0.0018740497752130277,-0.001792459470592384,0.45083899261883453,-0.08552213434935217
total_rev_hi_lim,0.2907974043954121,0.264370660019841,0.2555418635043877,0.05418488528803516,0.3522566646070205,0.282930187033097,0.8060967336052817,-0.1201325264421894,0.1982568292907082,-0.04377440776662766,0.017818391228262214,-0.08523720101466066,-0.10125321745195867,-0.015564920346310318,0.007936101651389808,0.0008647034946123642,-0.00991977520089879,-0.018845285471676815,-0.01101704832971714,0.005722501988543249,0.02282145716804014,-0.0035501173505317492,0.3826145563971083,1.0,0.1015162198905135,0.20586652992433188,0.5474659797032436,-0.15614387286922432,0.08131821244103271,0.23472095906570495,-0.05229341611090972,-0.04140547459129065,-0.047853073350240964,-0.04643956906188351,-0.019377538539808115,-0.04810216247283467,-0.08593632353124378,0.3251670981805678,0.30288525839862196,0.4151001465456266,0.35669494391085604,0.028015763690497613,0.3936945305732109,0.3459574776506697,0.30209103094616485,0.3522080298059125,0.010754525170568923,-0.04051458937451188,0.07697759699988647,0.152494161931569,-0.13110389515736243,0.48642449316510183,0.4393112147018517,0.6692996781581586,0.12864097585421455,0.25394313629509596,0.0780378966404614,-0.001495767654623345,-0.0012150492349416592,0.28566301167445496,-0.15984501999660056
acc_open_past_24mths,-2.296486419284599e-05,0.0191642428693854,0.06124288642368814,0.08578963444397761,0.4966030966384018,0.4339446592905828,-0.008024416903066989,-0.22333603909225275,0.07588584026530716,-0.05134328120593918,0.2813217779152162,0.09701198241965032,0.11208288225210969,0.018141723440903854,-0.004740615132800927,-0.005708948567223225,0.006931495492021796,0.014593045161589692,0.11535128597980172,-0.0878640175054402,0.12667816533654885,0.0015469891503875268,0.11289938686060191,0.1015162198905135,1.0,-0.06406529013459306,0.13141003697188186,-0.18009325635934234,0.0029046609001053035,-0.056414707820864884,-0.40811169678862175,-0.4485700637957765,-0.33628519417997493,0.15839394087840517,-0.2173207310087043,0.1276402088249657,0.07473953481630416,0.23667111910969033,0.34383248743030476,0.3180511237806813,0.30345118796421744,0.2497210919834625,0.47131259939426573,0.39854991791991723,0.3379238253080075,0.4950612876560037,-0.006033613112959951,-0.02897796540282695,0.766576288257706,0.056130382659644616,-0.16569146171559193,0.12066160887804185,0.1587440441815354,0.07397297633241742,0.18323423785784995,-0.10369371149748097,0.02549748603765777,-0.002291091227446141,-0.002199291230207754,0.10459734869826808,0.17335399494452913
avg_cur_bal,0.22786787573430967,0.19976837367020958,0.296827384886663,-0.056864029020179785,-0.10295731624573984,0.05628866782304405,0.28539197407259254,0.13127981693782975,0.46534237449622173,0.04469243098714545,-0.02156997696497961,-0.052619211661587215,-0.0759785965678988,-0.0005142427736179213,0.017910866514370082,0.015570593433880175,0.002002695935364611,-0.01666691633037002,-0.05736550867514033,0.002124082661277982,-0.036661371252609556,0.0014552872402729304,0.8323706253137751,0.20586652992433188,-0.06406529013459306,1.0,0.03424903773689918,0.07339471907677951,0.11842865291449708,0.12399888098984047,0.15561098224938205,0.018047034126513813,0.15358616287638288,-0.03268816486097429,-0.01789063333057208,-0.02006679709058885,0.02104388775246583,-0.11416781567033941,-0.1503506266163926,-0.11846931223195302,-0.05114644436642209,0.061224368763692784,-0.18756022702460776,-0.08461912312152052,-0.15189884148300195,-0.10311085424432279,0.017214988874069928,0.007965690005962058,-0.036929974908944584,-0.05295938006456167,0.06634479958865036,0.7948932557290254,0.3087028230452631,0.12816386424733972,0.2298036415567791,0.10786676667956373,0.08349442737659844,-0.0006510736619166997,-0.0009346257042558596,0.34052412474774685,-0.0827046596059057
bc_open_to_buy,0.2031294393088178,0.16531733629142703,0.15619428598805496,-0.03779498089639879,0.31893352081289056,0.24418198811064543,0.16258797415059342,-0.48506028008455804,0.1273241227274007,-0.06212913534486086,0.017216851873604777,-0.08618390533425643,-0.09249770958473436,-0.021821751261069177,0.007342924952786542,0.0020661264770602773,-0.01269834710943496,-0.012919375381955473,0.001787138375771358,0.01538923855811413,0.031422767165985035,-0.003232422376723525,0.16662269779538863,0.5474659797032436,0.13141003697188186,0.03424903773689918,1.0,-0.5423777397521639,0.029213919403957428,0.178504636991662,-0.07387440575057005,-0.06744033866610083,-0.12106591166843479,-0.062438335326714084,-0.02283185376416506,-0.04073784226950861,-0.08308462377335259,0.261949194868326,0.1267528084593667,0.4949753475015647,0.42909765002424394,0.005478954791104135,0.37683884653351135,0.3243449720356014,0.13887522570984775,0.32152313692922546,0.009068261958969865,-0.044376627546561624,0.11576937242784145,0.1655211405977529,-0.43939427628851613,0.27107795114097777,0.12159294264879221,0.8422425370636908,0.08074084991363671,0.5126697524732708,0.03177778764245495,-0.0007571013078080156,-0.0005941528498983171,0.19696056636039508,-0.29656554277767194
bc_util,0.04859034149435365,0.07399674292542378,0.008150629389929484,0.1194723665804445,-0.10109010981373438,-0.07200245616017495,0.16954561417613892,0.8688396126259075,0.013534708798977196,0.0022776134001100327,-0.06924933775086115,-0.020592387895416446,-0.029027750633508015,-0.00030394261825431284,-0.018881977587713695,-0.007069013093413027,-0.008632636001446484,-0.031989407910422936,0.006601409534696384,0.04510119000718454,0.00451382042609964,-0.0021983840647391774,0.04324482162912906,-0.15614387286922432,-0.18009325635934234,0.07339471907677951,-0.5423777397521639,1.0,0.059759997161730395,0.006857327675485893,0.13085173082923957,0.13439994774648115,0.15006563877483858,0.03641416218986569,0.08496323996465434,0.025053297320844554,-0.019684156981418684,0.07606695237862489,0.1248045791920108,-0.1744672327113076,-0.15745679618953962,0.02268878801749096,-0.15011494975088482,-0.129874009527484,0.12891534886415285,-0.10144189208036963,-0.014748434931246213,-0.006057042986836185,-0.18930401321773296,-0.02871659674093589,0.8465810085467096,-0.01425404960745289,0.086503300857072,-0.25126757393362986,0.01865799577324518,-0.49673049504921246,0.027911300580657616,-0.0009121739921373587,-0.00103909280543462,0.018508535189798263,0.2756346207135556
mo_sin_old_il_acct,0.12480110214570186,0.10053830173064003,0.11336035678146288,0.035798966721797894,0.1469618437356141,0.3419032065210596,0.09930817272187159,0.06901633933949451,0.18835483544819484,0.07896526766163267,0.011488626901353705,0.03220466708591729,0.024155869680936113,0.01673771761663584,0.012283645686309031,0.004404131728115319,0.014693456022503357,0.0075411111855368035,0.003087980959449476,-0.07649562959510818,-0.006447031244495566,0.001736813563228635,0.1767680456334018,0.08131821244103271,0.0029046609001053035,0.11842865291449708,0.029213919403957428,0.059759997161730395,1.0,0.21499555623246805,0.0375248617259879,0.012103844072127739,0.05575798199145816,0.0027914432878631606,-0.016726824959398243,-0.001603275580671758,0.11342408482196867,0.040351811462491845,0.06981143455038447,0.03773107427915047,0.11002368045670967,0.3509996613590651,0.06398257741372655,0.14028889235336817,0.06933538495610106,0.14581447936898262,0.009703399366217306,0.04666277316947371,0.011263072377158175,-0.1039553640070564,0.055180449683992175,0.18148574407091475,0.20857024781029943,0.08680865046760342,0.21736829574446243,0.014689268120729897,0.13081814775377254,0.007252696550144684,0.007363184457046485,0.18091930848066268,-0.06118989073453463
mo_sin_old_rev_tl_op,0.16505674244327062,0.14044852061475754,0.13737550764709375,0.03931302535914496,0.14685679793776507,0.281929435736504,0.2216229072896964,0.02209553531877046,0.2893250532264075,0.08065466986884441,-0.005090280811439553,0.03774375075842958,0.034642938970223434,0.0168612543426823,0.029135133446609646,0.008296694979749032,0.03198156852462132,-0.006784117307479082,-0.04401912570090491,-0.13334904030557132,-0.005343016021242957,0.0016044857292238088,0.1820307236473918,0.23472095906570495,-0.056414707820864884,0.12399888098984047,0.178504636991662,0.006857327675485893,0.21499555623246805,1.0,0.08149439514656201,0.043400384207753225,0.1295184688144344,0.010558572089668077,0.007375616934020051,-0.0054679984192038174,0.06744016023694353,0.13459643664569004,0.16604039258256845,0.1637271614213149,0.30618783525655735,-0.008342898535489222,0.1962210547231138,0.3552874837797077,0.1632355541447214,0.1432668977697505,0.02716835057413096,0.0284077493148483,-0.02822628442781318,-0.0808399944012826,0.024157997419882737,0.21469778450014043,0.11185449137967159,0.2683159099821417,0.03850267976415785,0.12548580627206218,0.20954121665120692,0.0014992016768605701,0.0015015404415929523,0.17967293396960812,-0.13467708942994744
mo_sin_rcnt_rev_tl_op,0.05123173048310421,0.03253534448783355,0.024602718789054154,-0.0074239759311490435,-0.23592146565438202,-0.17029086130271207,0.018718168776776727,0.1826435372861858,0.02520981972856315,0.030421434305659033,-0.1896520483615173,-0.06559556837314894,-0.08084575609262772,-0.008662270420920751,0.0004396316778220959,0.002192215451347314,-0.0032529215217097915,-0.01280723168051409,-0.06871879471312287,0.03359898605662573,-0.06459180693836314,-0.0024726416894541277,0.032826604056855196,-0.05229341611090972,-0.40811169678862175,0.15561098224938205,-0.07387440575057005,0.13085173082923957,0.0375248617259879,0.08149439514656201,1.0,0.6055661462831803,0.6136023189590595,-0.09468776721488974,0.15780178613262735,-0.06742558013002693,-0.03394512483534521,-0.16355881167859168,-0.23204134892759407,-0.20148324430456266,-0.18936746361513437,-0.01658269755146273,-0.2866801692698097,-0.24545093987559705,-0.23026700653065252,-0.23503398744394433,0.0010150465949389374,0.012987709950265932,-0.4075845110211963,-0.03352353926601452,0.12925309324097903,0.024697094556154958,0.012250689263549873,-0.031205351843442503,0.010802955680065113,0.10311529524101147,0.01613118019161615,0.004232684304906146,0.004339463932125569,0.01991976427308123,-0.09399344397661638
mo_sin_rcnt_tl,0.026825990594323407,0.013658101848559655,-0.03321294855372022,-0.05492111069350222,-0.231817180451554,-0.21435813271558576,0.02023473112912853,0.1662075906425612,-0.059529606274166175,0.021086476254947677,-0.22734748252390125,-0.060977315187019134,-0.06874503223034997,-0.012450358307963101,0.0007773693048385703,0.0025061426278129967,-0.003834427601865545,-0.008393913462579637,-0.06535549986678962,0.04219892131887256,-0.06829095525500774,-0.002590891201816267,-0.0792360487295031,-0.04140547459129065,-0.4485700637957765,0.018047034126513813,-0.06744033866610083,0.13439994774648115,0.012103844072127739,0.043400384207753225,0.6055661462831803,1.0,0.379149242641821,-0.09584371986514813,0.26439753260781346,-0.07572238215408716,-0.03992585396440462,-0.09225929959015544,-0.15185867795969973,-0.1361117017403707,-0.13572323500358627,-0.13260730455664008,-0.2040419732911655,-0.1833580206497678,-0.14879131060245496,-0.23104710346471083,0.00040144511369381695,0.01223768842419035,-0.49718109884188194,-0.026690073952970395,0.12583611459461108,-0.08033738883656745,-0.09200868922248392,-0.020307350051082466,-0.11755268662436852,0.06771183410128617,-0.012518667271701997,0.001624490669143591,0.0017113762485317088,-0.0626587496438972,-0.1114835460005814
mths_since_recent_bc,0.03780371807712569,0.02032277296991856,0.02398432769797401,0.001825754953904454,-0.20659869599509642,-0.12312003827446187,0.025201682235756077,0.14522526709410957,0.05662679380844921,0.057142635489724175,-0.1280279666411711,-0.04771830679580751,-0.06281702078584536,-0.0017694673744664256,0.013655432829055132,-5.486266898793747e-05,0.007246222734134086,-0.00827496677523532,-0.08539522764656755,0.036875636643551424,-0.08232358292979358,-0.001973500469406476,0.04772516091385921,-0.047853073350240964,-0.33628519417997493,0.15358616287638288,-0.12106591166843479,0.15006563877483858,0.05575798199145816,0.1295184688144344,0.6136023189590595,0.379149242641821,1.0,-0.09402507846854138,0.0958917299249176,-0.08237514116926013,-0.014094835769904513,-0.2519707347966041,-0.208451941247461,-0.29015612709890737,-0.2305010160011669,-0.005933546976021833,-0.25125550051138024,-0.1927959968858778,-0.2062089944339372,-0.2061847094007889,0.013385931973619368,0.02457662714259203,-0.30370414674906354,-0.05610889718572303,0.15497001357436452,0.03822065602243842,0.017661091437899797,-0.0911865248600144,0.012215882009589354,0.07624766649820934,0.037918461115914584,0.0015316659261870851,0.0015845413856034425,0.019962299362318376,-0.07526057423261681
mths_since_recent_bc_dlq,-0.03942339277438523,-0.04161852625246558,-0.03724030237500985,0.020872259651571506,-0.015293532385980212,0.009959949937285589,-0.028798676146387217,0.013267119565695665,-0.01978478991388611,-0.47771479836119674,0.04522687702179743,0.09110347746803146,0.1050846322535299,0.008344026207879945,-0.10739643366520506,-0.010420718611663498,-0.04914983856869028,-0.0077075065783564715,0.7712372248831347,-0.07898968698632278,0.584236797414033,0.00590352071019281,-0.039028452771054906,-0.04643956906188351,0.15839394087840517,-0.03268816486097429,-0.062438335326714084,0.03641416218986569,0.0027914432878631606,0.010558572089668077,-0.09468776721488974,-0.09584371986514813,-0.09402507846854138,1.0,-0.017784005141880884,0.8934856576881999,0.15308112702424448,-0.013636810847580422,0.02456756874780914,-0.03851344848625689,0.023320025634695835,0.0019377244866433307,-0.001501001804612622,0.017519341549642388,0.024116439997954636,-0.014172566409408609,-0.0949776429277111,-0.16320865475219826,0.12210564434049793,0.08302192620282703,0.02952342818635268,-0.050455224432269546,-0.014947904554225712,-0.06707429419363188,-0.01728985683094878,0.013787264244999473,0.01915607294390258,-0.0015022880508783196,-0.0015680026615139079,-0.05166175140192923,-0.017787160203845475
mths_since_recent_inq,0.000964810590046317,-0.013535975104607974,-0.04523503574359316,0.0042296071662029245,-0.10580183746608529,-0.12872980264671632,0.01036520867165299,0.094323172174083,-0.06452517643019054,-0.02973827206766325,-0.5640197517396441,-0.05835158035068757,-0.05873891124005878,-0.019326550501246393,0.00016609884915136627,0.003828173615833361,-0.012438331058375742,-0.014389387675417,-0.0035774108565228085,0.06733773940592735,0.015848546360828906,-0.002864143510476609,-0.05941550966859703,-0.019377538539808115,-0.2173207310087043,-0.01789063333057208,-0.02283185376416506,0.08496323996465434,-0.016726824959398243,0.007375616934020051,0.15780178613262735,0.26439753260781346,0.0958917299249176,-0.017784005141880884,1.0,-0.014640773947109593,-0.051847230038254935,-0.031059464947543497,-0.06341321764310491,-0.0698890745173065,-0.08425740745404361,-0.07650804031126096,-0.09492516301913617,-0.1047572720441196,-0.055034694079764156,-0.10425099454819695,0.0007057928176797964,-0.023737678882959214,-0.2998688382380958,0.02952259047521811,0.07805969169524353,-0.058501667372661326,-0.0546403942959159,0.0034950080129382706,-0.06404493547379012,0.07923871799758195,0.000874750173770116,-0.0009665162402273167,-0.0013158668086034721,-0.06314447972016632,-0.1462868869469993
mths_since_recent_revol_delinq,-0.02492498286265846,-0.030311735568226836,-0.027736632799908,0.012790749839639688,-0.049296393078219126,-0.020181225593373837,-0.03155343302772064,0.020777795903290062,-0.026970805502595924,-0.5056010461829146,0.03805221823375468,0.08485237290787256,0.10051315475153694,0.005869860654379507,-0.11674472027416073,-0.0062843950188141,-0.06067565322141429,-0.007360090890099015,0.8647153352188021,-0.08717455925529093,0.5739212892022388,0.005980933890234852,-0.039155148924575445,-0.04810216247283467,0.1276402088249657,-0.02006679709058885,-0.04073784226950861,0.025053297320844554,-0.001603275580671758,-0.0054679984192038174,-0.06742558013002693,-0.07572238215408716,-0.08237514116926013,0.8934856576881999,-0.014640773947109593,1.0,0.13169743105981213,0.005659982847190871,-0.006706095831655128,-0.011920374234941255,0.020033091205808404,0.00010558199569279126,-0.04317887870126199,-0.021786125060779954,-0.006770134358977251,-0.04772639203624704,-0.10286131142288317,-0.149649576646871,0.10787541758454976,0.09962563612730478,0.01723572517885013,-0.05118383839799263,-0.013856277615351855,-0.043794702363347385,-0.01621680992912053,0.04111881426012079,0.008287311907451462,-0.0037878361209223526,-0.0038513144799712483,-0.04549952640348692,-0.020606928495980056
num_accts_ever_120_pd,-0.05386031117755804,-0.04266064252014705,0.012917677392906786,-0.025745063846291022,0.02238068911357835,0.1478324636954982,-0.073921363827629,-0.024264300537233077,0.0604796894275106,0.2209707148609741,0.049001938196959804,0.014120370677363537,-0.032985430764049875,0.016569108215563184,0.019243749335142467,0.02095174747743075,0.11635194830549406,0.042170955011068614,0.005073689929330483,-0.16507964675322812,-0.08517665774502291,0.02299765093193299,0.016753533212455242,-0.08593632353124378,0.07473953481630416,0.02104388775246583,-0.08308462377335259,-0.019684156981418684,0.11342408482196867,0.06744016023694353,-0.03394512483534521,-0.03992585396440462,-0.014094835769904513,0.15308112702424448,-0.051847230038254935,0.13169743105981213,1.0,-0.05315843761015627,-0.028361659659927353,-0.0647174335517886,0.060019196070838346,0.13446910724850752,-0.02063055742912815,0.07662457565035388,-0.023273828074168015,0.02260309849894509,-0.0004885582068037884,0.31069350185642297,0.08304479145006285,-0.5783277638550093,-0.026623423204688464,0.006204904439939706,0.01903581599236663,-0.1267842616063291,0.04560139824897199,-0.19771914683588598,0.011726150042797569,0.00587103951339497,0.005864826766011618,0.032251823240517466,0.053008543044483984
num_actv_bc_tl,0.19160401046510264,0.19454436258592603,0.12011265808084436,0.10934957319949776,0.563964387759948,0.31835163837197655,0.30637377544923194,0.10556633276505935,0.043665006091792705,-0.03720927095406033,0.07831580843979785,-0.031035805392195807,-0.05779437143273495,0.014039552150055338,-0.007207255243458938,-0.0007495249701411549,-0.0062666616754700095,-0.00301773929773027,0.03149540492778851,0.014724175791278075,0.04552698097141596,-0.004038379063841176,0.10785898059308238,0.3251670981805678,0.23667111910969033,-0.11416781567033941,0.261949194868326,0.07606695237862489,0.040351811462491845,0.13459643664569004,-0.16355881167859168,-0.09225929959015544,-0.2519707347966041,-0.013636810847580422,-0.031059464947543497,0.005659982847190871,-0.05315843761015627,1.0,0.8225402437838429,0.8393309224995742,0.6080491480363452,-0.013392776606575238,0.6715424498068004,0.4737666947588555,0.816846249383504,0.5630956616728179,-0.006448733546506658,-0.03168251452824339,0.16866790743279117,0.12624501351293213,0.031188588175402227,0.14239523715058527,0.16172624773942867,0.4853375659979252,0.04467567158531175,-0.11411427599214626,0.08072387331942231,-0.0016615511214063037,-0.001304687230905359,0.17951065708628428,0.021406273083231436
num_actv_rev_tl,0.15043579173814647,0.15753258773908843,0.0890833159618032,0.15882128015194796,0.6725214341563058,0.41746468584833074,0.3038686134682091,0.10872203877291563,0.0632867606864577,-0.0007328003664655491,0.1265347535331099,0.0022527401166089304,-0.01120634428318715,0.010664744318884903,0.00188955237208151,-0.00034076015738264095,0.00584400339556558,0.00814990700067544,0.014046226978653943,0.030082944490021357,0.0380409640206123,-0.0028700818657486807,0.1032410821265034,0.30288525839862196,0.34383248743030476,-0.1503506266163926,0.1267528084593667,0.1248045791920108,0.06981143455038447,0.16604039258256845,-0.23204134892759407,-0.15185867795969973,-0.208451941247461,0.02456756874780914,-0.06341321764310491,-0.006706095831655128,-0.028361659659927353,0.8225402437838429,1.0,0.6821076251909806,0.5071365590030114,0.016121509545091544,0.7990711792465323,0.5919753005654341,0.984130770888303,0.6695525200945753,0.0028045875663008906,-0.01606496696977748,0.2585653743545716,0.09705350013881085,0.09296855939640257,0.1322886616143791,0.1576315544157993,0.3086918778671529,0.03965502281088182,-0.18983034250528844,0.12689194862702105,-0.002596857603503781,-0.002320115484329065,0.14461681173631097,0.08147382957620213
num_bc_sats,0.21228184106905068,0.20431534273752858,0.1345933522673395,0.07018459581546792,0.6457615345654395,0.4189662822639844,0.2739866174219551,-0.12319308873576588,0.07785355087088285,-0.030666010725568866,0.1252611627407574,-0.036309599644803535,-0.05338153868730366,0.00504261547363685,-0.003434128671774205,0.001532644614268707,0.00090894625536359,0.004539557910017464,0.022419197777498043,-0.01661577745442547,0.02910292391654441,-0.0024939335637525735,0.12524417064835455,0.4151001465456266,0.3180511237806813,-0.11846931223195302,0.4949753475015647,-0.1744672327113076,0.03773107427915047,0.1637271614213149,-0.20148324430456266,-0.1361117017403707,-0.29015612709890737,-0.03851344848625689,-0.0698890745173065,-0.011920374234941255,-0.0647174335517886,0.8393309224995742,0.6821076251909806,1.0,0.7491603062420297,0.0018679073669726108,0.7674743296680243,0.6023163366347077,0.6646154196222516,0.6430910574130447,-0.003602490023219747,-0.02395197797572675,0.2481589072791321,0.14448825554902087,-0.16363636206945137,0.18324979839073027,0.15551022127191452,0.6155710479041498,0.06037469297469565,0.06142871282245332,0.07518359292885357,-0.0016294500414606292,-0.0012317865949740498,0.19729356639119888,-0.060888456583336144
num_bc_tl,0.1890094327638068,0.17977804023062724,0.13530206903016775,0.04849715423619381,0.5456011635414448,0.6292823008037957,0.22802111117915447,-0.12638907035591898,0.1941136331892491,0.03202906627939236,0.141850688615552,-0.004779189775032522,0.0035479361548909336,-0.006425193404043154,0.017100942651481238,0.005062294245453809,0.03501000241132151,-0.010948362054836859,0.002196227628171486,-0.18058026292484836,0.0033575504517470082,0.0019000787179139617,0.14498334036921637,0.35669494391085604,0.30345118796421744,-0.05114644436642209,0.42909765002424394,-0.15745679618953962,0.11002368045670967,0.30618783525655735,-0.18936746361513437,-0.13572323500358627,-0.2305010160011669,0.023320025634695835,-0.08425740745404361,0.020033091205808404,0.060019196070838346,0.6080491480363452,0.5071365590030114,0.7491603062420297,1.0,0.0488692637408557,0.6514989649422241,0.8407968082681961,0.507130592321353,0.5421931060662658,0.01130879671098231,0.012565049918232657,0.24016089211782404,0.0585952904299589,-0.13902313194350327,0.19686134280863551,0.1386642196702152,0.5084001195577217,0.061086389164939386,0.05011677887914506,0.11630631703061498,-0.0013104087153645615,-0.00094554444962344,0.20299446534657872,-0.08234756739602303
num_il_tl,0.08332125946971158,0.06770746910050109,0.10942235700159385,0.14473218845149155,0.397988973184595,0.6899123385862742,0.02885392803753288,0.022555544553968958,0.100279308607227,0.08428337602585267,0.07124287045159686,-0.013907952477329849,-0.012074374820714053,-0.008956566949693925,0.004247790842182481,0.00024480715341538417,0.01077220898712143,0.0037469173533483764,-0.0100735888464675,-0.04833433917495392,-0.02603509843970036,0.003222860958360874,0.2217453327656132,0.028015763690497613,0.2497210919834625,0.061224368763692784,0.005478954791104135,0.02268878801749096,0.3509996613590651,-0.008342898535489222,-0.01658269755146273,-0.13260730455664008,-0.005933546976021833,0.0019377244866433307,-0.07650804031126096,0.00010558199569279126,0.13446910724850752,-0.013392776606575238,0.016121509545091544,0.0018679073669726108,0.0488692637408557,1.0,0.045638020203661464,0.08988342003637374,0.01933629885675975,0.3986227499392036,0.001237190118475649,0.07184899989247627,0.1869554909411804,0.0007432297271051029,0.023907711717858496,0.2075300542244498,0.5079196656283831,0.015001916300384058,0.5809262168392307,-0.01525073753184491,-0.035120738763429915,0.0013440260053971666,0.0016215747811217575,0.1782033818735949,0.01609189817929029
num_op_rev_tl,0.16381128076124557,0.1600731047582292,0.08911825666372375,0.1178659109182991,0.8385949949238549,0.5775907674757824,0.23547506952408423,-0.1999047183029726,0.08981496317228782,0.00772754848652867,0.14974763549490233,0.0045034720238528525,0.006688168544966054,0.0010355414647921764,0.011500299560496276,0.002146633602053837,0.009919373160769079,0.006065289381063587,-0.012043049889151551,0.028961505698159397,0.04298585552892994,-0.000959276458099505,0.10220982997110986,0.3936945305732109,0.47131259939426573,-0.18756022702460776,0.37683884653351135,-0.15011494975088482,0.06398257741372655,0.1962210547231138,-0.2866801692698097,-0.2040419732911655,-0.25125550051138024,-0.001501001804612622,-0.09492516301913617,-0.04317887870126199,-0.02063055742912815,0.6715424498068004,0.7990711792465323,0.7674743296680243,0.6514989649422241,0.045638020203661464,1.0,0.7955972999022515,0.8031614840974712,0.8378043156922896,0.01030549053679139,-0.02202891899906043,0.35850581265815773,0.13620776066788418,-0.13543206453868173,0.16042673094497933,0.14386381568589776,0.4377032803782624,0.057333737633154136,0.014095272518823728,0.11771513276616558,-0.0018163975877966215,-0.0015461984944756934,0.14523787191355658,-0.016053921901698086
num_rev_accts,0.16218952631878042,0.1537454351270007,0.10718925916205936,0.09065325531258621,0.6716141356865799,0.7645063521876432,0.21549063476645366,-0.17071954527009897,0.22599636022112043,0.07804187775343174,0.1639059842188851,0.019636152667774093,0.04584052103606399,-0.013995782905222067,0.02579603276999763,0.007157555006936412,0.04595030341419966,-0.001278046974548762,-0.03452133380395636,-0.1613174589603343,-0.013969749879621088,0.0025591557579747286,0.1435544323316737,0.3459574776506697,0.39854991791991723,-0.08461912312152052,0.3243449720356014,-0.129874009527484,0.14028889235336817,0.3552874837797077,-0.24545093987559705,-0.1833580206497678,-0.1927959968858778,0.017519341549642388,-0.1047572720441196,-0.021786125060779954,0.07662457565035388,0.4737666947588555,0.5919753005654341,0.6023163366347077,0.8407968082681961,0.08988342003637374,0.7955972999022515,1.0,0.5898952778823655,0.6668378313836468,0.019829023220714444,0.027824747641633393,0.31203978431179574,0.04393534419872462,-0.10950754253959338,0.19460775029618313,0.13781945574429852,0.3775756637881169,0.06736464447156805,0.01840634685862568,0.15071732167897317,-0.0011030687251090807,-0.00078767769100489,0.169753706094927,-0.05494163537763858
num_rev_tl_bal_gt_0,0.14981414204742713,0.15691061312703888,0.08798703811380285,0.16122163845701906,0.6747877434358,0.41829908932531285,0.30383191304977913,0.11465218002987303,0.06198660875805527,-0.0048099216248126755,0.10911713974680522,-0.00175284330394741,-0.01685752254115344,0.011101358893293044,0.0016346070574471026,-0.0015069168805256165,0.0028461283979658233,-1.209341420572805e-05,0.013318365748020266,0.03955940446916272,0.049305609910669825,-0.0028300133932553733,0.103058629236052,0.30209103094616485,0.3379238253080075,-0.15189884148300195,0.13887522570984775,0.12891534886415285,0.06933538495610106,0.1632355541447214,-0.23026700653065252,-0.14879131060245496,-0.2062089944339372,0.024116439997954636,-0.055034694079764156,-0.006770134358977251,-0.023273828074168015,0.816846249383504,0.984130770888303,0.6646154196222516,0.507130592321353,0.01933629885675975,0.8031614840974712,0.5898952778823655,1.0,0.6742455873421489,0.0023861007283076455,-0.022565624676941152,0.24908841273195095,0.10411233074109749,0.09694706028203719,0.13216651072041882,0.16112464145507915,0.3080397427482693,0.04136581624507995,-0.18872693974438423,0.1279741237499888,-0.0026162877209826565,-0.0023366584375283618,0.14351274688831767,0.08136837734104836
num_sats,0.18098638215449053,0.17050636842702763,0.14425759908369912,0.18263536838987937,0.9989963098295322,0.7169539512425026,0.22796939746263384,-0.13840818182708195,0.13773186055153272,0.04408769227854332,0.14640641882125785,-0.021731673584784634,-0.027843924111004503,-0.003751836666027481,0.005553684634233691,-0.0007751202989708568,0.008624694320879709,0.006243229086591818,-0.032907167892501366,0.026385071964735208,0.017757011551938612,-0.0010707126642413838,0.255706440197297,0.3522080298059125,0.4950612876560037,-0.10311085424432279,0.32152313692922546,-0.10144189208036963,0.14581447936898262,0.1432668977697505,-0.23503398744394433,-0.23104710346471083,-0.2061847094007889,-0.014172566409408609,-0.10425099454819695,-0.04772639203624704,0.02260309849894509,0.5630956616728179,0.6695525200945753,0.6430910574130447,0.5421931060662658,0.3986227499392036,0.8378043156922896,0.6668378313836468,0.6742455873421489,1.0,0.004011902738319256,0.01040549440043787,0.37357488008031536,0.11312776240012459,-0.09142847016328572,0.29793466739628705,0.39956225210846535,0.38977229070882635,0.3643794669470054,0.030876446397416463,0.0519321288379748,-0.0022549397084967674,-0.0019606868062982496,0.22573837224023802,-0.013253781553482344
num_tl_30dpd,0.0007971652390017213,0.002877676119841156,0.009806351368336385,-0.0006370957418566164,0.012690009329425897,0.018269919744790922,0.005473365307824784,-0.017134850353341665,0.022350802835444623,0.10065383573975914,-0.0011942979271171842,-0.0026907014572408257,-0.013571780566458674,0.007383885688813832,0.8247397894031933,0.04966670095232302,0.000770110908676891,0.0008899592160373385,-0.11238615258749236,-0.02069414983102564,-0.0233807333713676,-0.00030211981956404824,0.022146999075698313,0.010754525170568923,-0.006033613112959951,0.017214988874069928,0.009068261958969865,-0.014748434931246213,0.009703399366217306,0.02716835057413096,0.0010150465949389374,0.00040144511369381695,0.013385931973619368,-0.0949776429277111,0.0007057928176797964,-0.10286131142288317,-0.0004885582068037884,-0.006448733546506658,0.0028045875663008906,-0.003602490023219747,0.01130879671098231,0.001237190118475649,0.01030549053679139,0.019829023220714444,0.0023861007283076455,0.004011902738319256,1.0,0.009255028160294198,-0.005826682194265232,-0.039456583801736334,-0.01150252071329925,0.02495713634864693,0.0028167519913831463,0.006535705442617927,0.004823969874112923,-0.03223668306586577,0.0068012174623514185,-0.0001953850093805259,-0.0001751766870729081,0.01498229302466853,0.015747431157059497
num_tl_90g_dpd_24m,-0.020154413944518973,-0.013092930493796746,0.005579659404047795,-0.015026476811894831,0.012284545262422335,0.06941751116163847,-0.03186243755382464,-0.006139023724359999,0.029488058727746954,0.6567607933759287,0.02662406938759271,-0.0016148450514624135,-0.015959562159536655,0.008890847076120208,0.04906920208514574,0.04229917367351825,0.20752136172055907,0.10015323624683814,-0.22301164061025272,-0.07038525913488257,-0.46928942594188844,0.00022652455264088098,0.0060521715289125685,-0.04051458937451188,-0.02897796540282695,0.007965690005962058,-0.044376627546561624,-0.006057042986836185,0.04666277316947371,0.0284077493148483,0.012987709950265932,0.01223768842419035,0.02457662714259203,-0.16320865475219826,-0.023737678882959214,-0.149649576646871,0.31069350185642297,-0.03168251452824339,-0.01606496696977748,-0.02395197797572675,0.012565049918232657,0.07184899989247627,-0.02202891899906043,0.027824747641633393,-0.022565624676941152,0.01040549440043787,0.009255028160294198,1.0,-0.0015191588675614476,-0.26188971210164236,-0.007717945222375986,0.0029941552413680758,0.011081058481042847,-0.059280619355806224,0.026037292721202292,-0.10379998669341392,-0.002897209763295294,0.0038039467237167635,0.003944887454068351,0.017029355365608963,0.03399282324067539
num_tl_op_past_12m,-0.0251888123033494,-0.002292646493806864,0.05382804751620288,0.04413087662795015,0.3752238095354088,0.33640525450397957,-0.021399297245013996,-0.21771995705198377,0.06929803194818479,-0.023702713579628408,0.33331798580103,0.08724260734073062,0.09525648602574582,0.01859964011020128,-0.00643266294983504,-0.005038627592067154,0.006866998522065416,0.013400333677472518,0.08832206631151515,-0.08507208564872927,0.06417228980426053,0.0029969362879207063,0.0994648676429654,0.07697759699988647,0.766576288257706,-0.036929974908944584,0.11576937242784145,-0.18930401321773296,0.011263072377158175,-0.02822628442781318,-0.4075845110211963,-0.49718109884188194,-0.30370414674906354,0.12210564434049793,-0.2998688382380958,0.10787541758454976,0.08304479145006285,0.16866790743279117,0.2585653743545716,0.2481589072791321,0.24016089211782404,0.1869554909411804,0.35850581265815773,0.31203978431179574,0.24908841273195095,0.37357488008031536,-0.005826682194265232,-0.0015191588675614476,1.0,0.010248098330928422,-0.17413694036392643,0.10315014311987432,0.11898901295835018,0.053000812835368914,0.13608789402737145,-0.09401741075547157,0.025692367286837416,-0.0032298387956480545,-0.00309387775718869,0.08879846466691783,0.1842532565181339
pct_tl_nvr_dlq,0.08997256850543421,0.07038688814690806,-0.0063507249434254995,0.06423626190164052,0.11111014015040666,0.021970003026826675,0.10798374970819219,-0.027791202417171288,-0.034756591029619865,-0.44611021483145896,-0.02550367890918373,-0.008986164104205026,0.05183341607938138,-0.033551185083719404,-0.04638421311597972,-0.011491837741305728,-0.08560769240338406,-0.04423441985167352,0.19557923853484527,0.2088314121999218,0.14001016713360154,-0.012365101513819667,0.009009206758343791,0.152494161931569,0.056130382659644616,-0.05295938006456167,0.1655211405977529,-0.02871659674093589,-0.1039553640070564,-0.0808399944012826,-0.03352353926601452,-0.026690073952970395,-0.05610889718572303,0.08302192620282703,0.02952259047521811,0.09962563612730478,-0.5783277638550093,0.12624501351293213,0.09705350013881085,0.14448825554902087,0.0585952904299589,0.0007432297271051029,0.13620776066788418,0.04393534419872462,0.10411233074109749,0.11312776240012459,-0.039456583801736334,-0.26188971210164236,0.010248098330928422,1.0,-0.010163118566191558,0.022803578356124406,0.06273260034075075,0.21660594169651348,0.0213959285510943,0.3078233088997184,-0.02113390225870152,-0.0013576241188091823,-0.0014431836068616514,-0.02057147836175439,-0.0799871033110181
percent_bc_gt_75,0.02266464654092826,0.04590254518688493,-0.004264975035667893,0.10419984415427905,-0.09122196875741768,-0.057988882140954524,0.13408176442380723,0.739249776268079,0.0132541470196603,-0.000880991503199954,-0.061740102914020115,-0.03189152585178234,-0.03431284225677323,-0.010182574033400964,-0.01670269869038197,-0.008633235956948164,-0.008737566165094619,-0.03249633386147986,0.002873096318227589,0.05823277448811728,0.005272589066063872,-0.003395695395154568,0.035247215752315986,-0.13110389515736243,-0.16569146171559193,0.06634479958865036,-0.43939427628851613,0.8465810085467096,0.055180449683992175,0.024157997419882737,0.12925309324097903,0.12583611459461108,0.15497001357436452,0.02952342818635268,0.07805969169524353,0.01723572517885013,-0.026623423204688464,0.031188588175402227,0.09296855939640257,-0.16363636206945137,-0.13902313194350327,0.023907711717858496,-0.13543206453868173,-0.10950754253959338,0.09694706028203719,-0.09142847016328572,-0.01150252071329925,-0.007717945222375986,-0.17413694036392643,-0.010163118566191558,1.0,-0.01132790211887602,0.06548456683663814,-0.21235261536407063,0.012344894638402786,-0.42009695577264466,0.027920608438165597,-0.0025670051024373097,-0.0026498265660431053,9.607935043204616e-05,0.2693627381024217
tot_hi_cred_lim,0.33445688189791495,0.2991167893082252,0.41125613374095993,0.031176791232562766,0.2979178130535709,0.34742525369427085,0.48037036646192355,0.027329050175153927,0.5426482490268699,0.054328041913237785,0.032360861921749876,-0.07079649233456536,-0.10113539734953765,1.3929841427004248e-05,0.02632099117889883,0.01661943365068127,0.0043325037859416205,-0.015719761570896957,-0.07734479924570836,0.009821837218618585,-0.0293623596626054,0.00037758434217524125,0.9770907386009432,0.48642449316510183,0.12066160887804185,0.7948932557290254,0.27107795114097777,-0.01425404960745289,0.18148574407091475,0.21469778450014043,0.024697094556154958,-0.08033738883656745,0.03822065602243842,-0.050455224432269546,-0.058501667372661326,-0.05118383839799263,0.006204904439939706,0.14239523715058527,0.1322886616143791,0.18324979839073027,0.19686134280863551,0.2075300542244498,0.16042673094497933,0.19460775029618313,0.13216651072041882,0.29793466739628705,0.02495713634864693,0.0029941552413680758,0.10315014311987432,0.022803578356124406,-0.01132790211887602,1.0,0.5318543005078648,0.4078536397428139,0.42747815123534744,0.1859735582962445,0.11401724347474768,-0.001737436175756202,-0.0016077986867163092,0.4719684706912522,-0.12384104309771186
total_bal_ex_mort,0.2725162944839867,0.2557687417419292,0.3203547953218583,0.1926698300354822,0.39931151377352714,0.43360525312876375,0.5271905564430813,0.12356104093656407,0.16265359169654814,0.025631883735681885,0.04139564824952306,-0.049551090264922625,-0.07095071930672006,0.0043907077872270125,0.0033980886915365147,-0.0004243092290653874,-0.0038049970839381495,-0.013684456946148131,-0.019839029489231552,-0.014578977255752466,-0.010323333635157042,0.0010971101309821013,0.5367318959750204,0.4393112147018517,0.1587440441815354,0.3087028230452631,0.12159294264879221,0.086503300857072,0.20857024781029943,0.11185449137967159,0.012250689263549873,-0.09200868922248392,0.017661091437899797,-0.014947904554225712,-0.0546403942959159,-0.013856277615351855,0.01903581599236663,0.16172624773942867,0.1576315544157993,0.15551022127191452,0.1386642196702152,0.5079196656283831,0.14386381568589776,0.13781945574429852,0.16112464145507915,0.39956225210846535,0.0028167519913831463,0.011081058481042847,0.11898901295835018,0.06273260034075075,0.06548456683663814,0.5318543005078648,1.0,0.30047709158598634,0.8691367694595977,0.023608835718063294,-0.013451143063021212,-0.002283270180188945,-0.0019749720964425954,0.37547001608094477,0.005294530115563736
total_bc_limit,0.3689986257272242,0.3319625275701842,0.2737241252595092,0.03596994958094068,0.3884275326206491,0.2988565975293608,0.4706039305800983,-0.17814990587625693,0.20705110287150513,-0.07949104166033594,-0.0016113966152730879,-0.12690431949277764,-0.14306362560971633,-0.025873449438147025,0.002443952583990962,-0.00017998896523760774,-0.018342333037762754,-0.02525161357435837,0.004439632990136276,0.01770731771726964,0.030095505718062972,-0.0055154646144818095,0.31816836463310316,0.6692996781581586,0.07397297633241742,0.12816386424733972,0.8422425370636908,-0.25126757393362986,0.08680865046760342,0.2683159099821417,-0.031205351843442503,-0.020307350051082466,-0.0911865248600144,-0.06707429419363188,0.0034950080129382706,-0.043794702363347385,-0.1267842616063291,0.4853375659979252,0.3086918778671529,0.6155710479041498,0.5084001195577217,0.015001916300384058,0.4377032803782624,0.3775756637881169,0.3080397427482693,0.38977229070882635,0.006535705442617927,-0.059280619355806224,0.053000812835368914,0.21660594169651348,-0.21235261536407063,0.4078536397428139,0.30047709158598634,1.0,0.14580615995048032,0.36727878225913,0.06518018586951217,-0.001715737782519482,-0.0013643273980743435,0.33353178000947525,-0.23908457130303135
total_il_high_credit_limit,0.20664944496404355,0.1901908377955403,0.27242338682663586,0.21837267659048937,0.36361072434533415,0.4230688573030087,0.13976167845845658,0.034856861842208695,0.12448038348283604,0.053702418086789536,0.04835180712266232,-0.0178222816958088,-0.034349316117425324,0.013108312239923267,0.007076623187262375,-0.0014214833321434047,0.0034525162160112554,-0.004314958904439816,-0.030558177143331998,-0.01056050657199383,-0.016125739439186958,0.003682836337508889,0.4297205402878241,0.12864097585421455,0.18323423785784995,0.2298036415567791,0.08074084991363671,0.01865799577324518,0.21736829574446243,0.03850267976415785,0.010802955680065113,-0.11755268662436852,0.012215882009589354,-0.01728985683094878,-0.06404493547379012,-0.01621680992912053,0.04560139824897199,0.04467567158531175,0.03965502281088182,0.06037469297469565,0.061086389164939386,0.5809262168392307,0.057333737633154136,0.06736464447156805,0.04136581624507995,0.3643794669470054,0.004823969874112923,0.026037292721202292,0.13608789402737145,0.0213959285510943,0.012344894638402786,0.42747815123534744,0.8691367694595977,0.14580615995048032,1.0,0.06682409673074552,-0.030784321443746057,-0.0008854079888713535,-0.0006420345509180255,0.3424656955299255,-0.003990368171217704
fico_midpoint,0.10952260868424833,0.05170490972192166,0.0555518838841855,-0.030521516534630835,0.020619199935838238,0.017215645907728668,0.011015601402509685,-0.47782449146884626,0.09335702056949649,-0.18093360398301755,-0.09203465966908679,-0.19347242794914224,-0.19662579764088303,-0.06238260435509776,-0.03978007995716512,-0.00859722519253031,-0.0560540266834127,-0.07453179332911726,0.10048886398628529,0.2530789726889993,0.08690568330317504,-0.010020773551343993,0.11834702916614333,0.25394313629509596,-0.10369371149748097,0.10786676667956373,0.5126697524732708,-0.49673049504921246,0.014689268120729897,0.12548580627206218,0.10311529524101147,0.06771183410128617,0.07624766649820934,0.013787264244999473,0.07923871799758195,0.04111881426012079,-0.19771914683588598,-0.11411427599214626,-0.18983034250528844,0.06142871282245332,0.05011677887914506,-0.01525073753184491,0.014095272518823728,0.01840634685862568,-0.18872693974438423,0.030876446397416463,-0.03223668306586577,-0.10379998669341392,-0.09401741075547157,0.3078233088997184,-0.42009695577264466,0.1859735582962445,0.023608835718063294,0.36727878225913,0.06682409673074552,1.0,0.019966831052567125,0.0007604028887041792,0.000681093791862587,0.06273682546295821,-0.4168905421803205
emp_length_years,0.07825018186215785,0.0651554850561929,0.0638549972570414,0.02022738321351937,0.05567695939936824,0.11115749882141518,0.08306686489302074,0.03406560905412751,0.1916355348212629,0.024819649631863155,0.001742389528493201,0.03392577680837774,0.023902271790811908,0.01857111109174057,0.009426554394003228,0.0006840079019434475,0.009983506104327255,-0.008912625794985203,-0.002304849194644306,0.04399368128309935,0.019980052235161215,-0.002705378313041342,0.09850325065520563,0.0780378966404614,0.02549748603765777,0.08349442737659844,0.03177778764245495,0.027911300580657616,0.13081814775377254,0.20954121665120692,0.01613118019161615,-0.012518667271701997,0.037918461115914584,0.01915607294390258,0.000874750173770116,0.008287311907451462,0.011726150042797569,0.08072387331942231,0.12689194862702105,0.07518359292885357,0.11630631703061498,-0.035120738763429915,0.11771513276616558,0.15071732167897317,0.1279741237499888,0.0519321288379748,0.0068012174623514185,-0.002897209763295294,0.025692367286837416,-0.02113390225870152,0.027920608438165597,0.11401724347474768,-0.013451143063021212,0.06518018586951217,-0.030784321443746057,0.019966831052567125,1.0,0.001078270996993463,0.0011760093582425142,0.13970909536587134,-0.013169586298953637
installment_to_income,0.0032296116653611983,0.0018277540549886194,-0.003972860769219968,0.317548727051668,-0.002218484283878152,0.00022153838549927534,-0.0015423784283403242,-0.0007084259310964947,0.0011979033863327331,0.0012881445131028174,-0.0020776993155866325,-0.0008791352951596677,-0.0010717078744931809,-5.2098319490783284e-05,-0.00023601196473893582,-7.611968917380912e-05,-0.0002812176715263189,-0.0004145520104797132,-0.0030147577796245197,-0.0006755973881705661,-0.006311907924203623,-4.034111187691776e-05,-0.0018740497752130277,-0.001495767654623345,-0.002291091227446141,-0.0006510736619166997,-0.0007571013078080156,-0.0009121739921373587,0.007252696550144684,0.0014992016768605701,0.004232684304906146,0.001624490669143591,0.0015316659261870851,-0.0015022880508783196,-0.0009665162402273167,-0.0037878361209223526,0.00587103951339497,-0.0016615511214063037,-0.002596857603503781,-0.0016294500414606292,-0.0013104087153645615,0.0013440260053971666,-0.0018163975877966215,-0.0011030687251090807,-0.0026162877209826565,-0.0022549397084967674,-0.0001953850093805259,0.0038039467237167635,-0.0032298387956480545,-0.0013576241188091823,-0.0025670051024373097,-0.001737436175756202,-0.002283270180188945,-0.001715737782519482,-0.0008854079888713535,0.0007604028887041792,0.001078270996993463,1.0,0.9956250771181756,-0.05522775559556419,-0.00042103937187854565
loan_to_income,0.0032971210286559067,0.0015588554636004276,-0.003448394156848479,0.3306408625829252,-0.0019289305525797553,0.0006449610922361603,-0.0013212103280762749,-0.0011204306058755255,0.0014634788705958726,0.00143252631596127,-0.0019461621874855832,-0.0008865780565047273,-0.001003493721224304,-0.00015023274401951408,-0.00021283336826122455,-6.79979447191105e-05,-0.0002574220915408088,-0.00038480059318431203,-0.003044492232567838,0.0012776735046477505,-0.006334159626187448,-3.914531373969966e-05,-0.001792459470592384,-0.0012150492349416592,-0.002199291230207754,-0.0009346257042558596,-0.0005941528498983171,-0.00103909280543462,0.007363184457046485,0.0015015404415929523,0.004339463932125569,0.0017113762485317088,0.0015845413856034425,-0.0015680026615139079,-0.0013158668086034721,-0.0038513144799712483,0.005864826766011618,-0.001304687230905359,-0.002320115484329065,-0.0012317865949740498,-0.00094554444962344,0.0016215747811217575,-0.0015461984944756934,-0.00078767769100489,-0.0023366584375283618,-0.0019606868062982496,-0.0001751766870729081,0.003944887454068351,-0.00309387775718869,-0.0014431836068616514,-0.0026498265660431053,-0.0016077986867163092,-0.0019749720964425954,-0.0013643273980743435,-0.0006420345509180255,0.000681093791862587,0.0011760093582425142,0.9956250771181756,1.0,-0.05089321098879695,-0.000779559131027878
log_annual_inc,0.4079494017549502,0.3875588621752071,0.607144814266743,-0.24475377719710886,0.22825664260020115,0.2783244196337037,0.30446995078011707,0.06790186888715438,0.2897448905225326,0.06654056929998174,0.04832413780445399,-0.0029205077961298137,-0.05284472160474411,0.04978511499098711,0.01608789436081759,0.007386091634010419,0.016153146225074612,-0.0058524467159493335,-0.06461031710119865,-0.06190617895741378,-0.031219621538525574,0.002459238262139056,0.45083899261883453,0.28566301167445496,0.10459734869826808,0.34052412474774685,0.19696056636039508,0.018508535189798263,0.18091930848066268,0.17967293396960812,0.01991976427308123,-0.0626587496438972,0.019962299362318376,-0.05166175140192923,-0.06314447972016632,-0.04549952640348692,0.032251823240517466,0.17951065708628428,0.14461681173631097,0.19729356639119888,0.20299446534657872,0.1782033818735949,0.14523787191355658,0.169753706094927,0.14351274688831767,0.22573837224023802,0.01498229302466853,0.017029355365608963,0.08879846466691783,-0.02057147836175439,9.607935043204616e-05,0.4719684706912522,0.37547001608094477,0.33353178000947525,0.3424656955299255,0.06273682546295821,0.13970909536587134,-0.05522775559556419,-0.05089321098879695,1.0,-0.1094426501040155
int_rate,0.09942894237180606,0.12653818827254454,-0.07653156616859084,0.12570140334289526,-0.009560972700850684,-0.03941289230591927,-0.028827869004137675,0.26202211815576537,-0.09078249400747707,0.060268597185134824,0.19115113453341362,0.05453566705181755,0.05444879114208057,0.016792288963446606,0.01777431968359538,0.003319166314715744,0.015221962921086248,0.020542808749144218,-0.03812162726933259,-0.02114856754752605,-0.03428154864041019,0.002131953486446118,-0.08552213434935217,-0.15984501999660056,0.17335399494452913,-0.0827046596059057,-0.29656554277767194,0.2756346207135556,-0.06118989073453463,-0.13467708942994744,-0.09399344397661638,-0.1114835460005814,-0.07526057423261681,-0.017787160203845475,-0.1462868869469993,-0.020606928495980056,0.053008543044483984,0.021406273083231436,0.08147382957620213,-0.060888456583336144,-0.08234756739602303,0.01609189817929029,-0.016053921901698086,-0.05494163537763858,0.08136837734104836,-0.013253781553482344,0.015747431157059497,0.03399282324067539,0.1842532565181339,-0.0799871033110181,0.2693627381024217,-0.12384104309771186,0.005294530115563736,-0.23908457130303135,-0.003990368171217704,-0.4168905421803205,-0.013169586298953637,-0.00042103937187854565,-0.000779559131027878,-0.1094426501040155,1.0
