feature_a,feature_b,correlation
open_acc,num_sats,0.999
installment_to_income,loan_to_income,0.9956
num_actv_rev_tl,num_rev_tl_bal_gt_0,0.9841
tot_cur_bal,tot_hi_cred_lim,0.9771
loan_amnt,installment,0.9453
mths_since_recent_bc_dlq,mths_since_recent_revol_delinq,0.8935
total_bal_ex_mort,total_il_high_credit_limit,0.8691
revol_util,bc_util,0.8688
mths_since_last_delinq,mths_since_recent_revol_delinq,0.8647
bc_util,percent_bc_gt_75,0.8466
bc_open_to_buy,total_bc_limit,0.8422
num_bc_tl,num_rev_accts,0.8408
num_actv_bc_tl,num_bc_sats,0.8393
open_acc,num_op_rev_tl,0.8386
num_op_rev_tl,num_sats,0.8378
tot_cur_bal,avg_cur_bal,0.8324
acc_now_delinq,num_tl_30dpd,0.8247
num_actv_bc_tl,num_actv_rev_tl,0.8225
num_actv_bc_tl,num_rev_tl_bal_gt_0,0.8168
revol_bal,total_rev_hi_lim,0.8061
num_op_rev_tl,num_rev_tl_bal_gt_0,0.8032
