column,dtype,missing,missing_share,distinct
mths_since_last_record,float32,1899513,0.8413,129
mths_since_recent_bc_dlq,float32,1738114,0.7698,177
mths_since_last_major_derog,float32,1677044,0.7428,183
mths_since_recent_revol_delinq,float32,1517462,0.6721,179
mths_since_last_delinq,float32,1157234,0.5126,173
mths_since_recent_inq,float32,292651,0.1296,26
emp_length_years,float32,146861,0.065,11
emp_length,category,146861,0.065,11
mo_sin_old_il_acct,float32,136287,0.0604,566
bc_util,float32,73294,0.0325,1494
percent_bc_gt_75,float32,72602,0.0322,284
bc_open_to_buy,float32,72158,0.032,91498
mths_since_recent_bc,float32,70635,0.0313,546
pct_tl_nvr_dlq,float32,67659,0.03,690
mo_sin_rcnt_rev_tl_op,float32,67505,0.0299,333
avg_cur_bal,float32,67574,0.0299,88597
num_tl_90g_dpd_24m,float32,67504,0.0299,34
num_rev_tl_bal_gt_0,float32,67504,0.0299,50
mo_sin_old_rev_tl_op,float32,67505,0.0299,787
num_op_rev_tl,float32,67504,0.0299,81
num_il_tl,float32,67504,0.0299,122
num_bc_tl,float32,67504,0.0299,76
num_actv_rev_tl,float32,67504,0.0299,57
num_actv_bc_tl,float32,67504,0.0299,42
num_accts_ever_120_pd,float32,67504,0.0299,44
mo_sin_rcnt_tl,float32,67504,0.0299,232
total_il_high_credit_limit,float32,67504,0.0299,194137
tot_hi_cred_lim,float32,67504,0.0299,529967
num_tl_30dpd,float32,67504,0.0299,5
num_tl_op_past_12m,float32,67504,0.0299,33
num_rev_accts,float32,67505,0.0299,117
total_rev_hi_lim,float32,67504,0.0299,34219
tot_cur_bal,float32,67504,0.0299,487682
tot_coll_amt,float32,67504,0.0299,15574
num_sats,float32,55819,0.0247,91
num_bc_sats,float32,55819,0.0247,60
total_bc_limit,float32,47259,0.0209,20309
mort_acc,float32,47259,0.0209,47
acc_open_past_24mths,float32,47259,0.0209,57
total_bal_ex_mort,float32,47259,0.0209,212776
last_pymnt_d,category,2313,0.001,135
last_pymnt_month,datetime64[ns],2313,0.001,135
dti,float32,1711,0.0008,10845
revol_util,float32,1762,0.0008,1424
loan_to_income,float32,1667,0.0007,232024
installment_to_income,float32,1667,0.0007,1065932
pub_rec_bankruptcies,float32,692,0.0003,12
issue_d,category,0,0.0,139
id,object,0,0.0,2257790
loan_amnt,float32,0,0.0,1568
loan_status,category,0,0.0,7
term,category,0,0.0,2
open_acc,float32,0,0.0,91
total_acc,float32,0,0.0,151
fico_range_low,float32,0,0.0,40
funded_amnt,float32,0,0.0,1568
installment,float32,0,0.0,93135
annual_inc,float32,0,0.0,89285
collections_12_mths_ex_med,float32,56,0.0,16
chargeoff_within_12_mths,float32,56,0.0,11
delinq_amnt,float32,0,0.0,2616
acc_now_delinq,float32,0,0.0,9
tax_liens,float32,39,0.0,42
pub_rec,float32,0,0.0,43
inq_last_6mths,float32,1,0.0,9
delinq_2yrs,float32,0,0.0,37
fico_range_high,float32,0,0.0,40
revol_bal,float32,0,0.0,102018
addr_state,category,0,0.0,51
verification_status,category,0,0.0,3
initial_list_status,category,0,0.0,2
application_type,category,0,0.0,2
purpose,category,0,0.0,14
home_ownership,category,0,0.0,6
outcome,category,0,0.0,4
int_rate,float32,0,0.0,654
sub_grade,category,0,0.0,35
grade,category,0,0.0,7
never_paid,bool,0,0.0,2
issue_month,datetime64[ns],0,0.0,139
term_months,Int64,0,0.0,2
observation_end_month,datetime64[ns],0,0.0,135
duration_floored,boolean,0,0.0,2
duration_months,int32,0,0.0,68
duration_raw_months,Int64,0,0.0,69
event,int8,0,0.0,2
fico_midpoint,float32,0,0.0,40
issue_year,int16,0,0.0,12
log_annual_inc,float32,0,0.0,88919
income_band,category,0,0.0,6
