column,n,mean,std,min,p1,p25,median,p75,p99,max,skew
loan_amnt,2257790,15054.2744140625,9190.8359375,500.0,1550.0,8000.0,12950.0,20000.0,40000.0,40000.0,0.7772449254989624
installment,2257790,445.9920349121094,267.1818542480469,4.929999828338623,53.47999954223633,251.77000427246094,378.20001220703125,593.489990234375,1238.469870605457,1719.8299560546875,1.0016273260116577
annual_inc,2257790,78000.71875,112741.859375,0.0,16800.0,46000.0,65000.0,93000.0,270000.0,110000000.0,493.91217041015625
dti,2256079,18.830089569091797,14.188920021057129,-1.0,1.7300000190734863,11.899999618530273,17.84000015258789,24.5,42.72220230102539,999.0,29.20370864868164
open_acc,2257790,11.614337921142578,5.640498638153076,0.0,3.0,8.0,11.0,14.0,30.0,101.0,1.3159713745117188
total_acc,2257790,24.164623260498047,11.984532356262207,2.0,5.0,15.0,22.0,31.0,60.0,176.0,1.0081501007080078
revol_bal,2257790,16645.6015625,22862.296875,0.0,128.88999999999942,5955.0,11327.0,20245.0,97514.21999999974,2904836.0,13.235912322998047
revol_util,2256028,50.335113525390625,24.707685470581055,0.0,0.8999999761581421,31.5,50.29999923706055,69.30000305175781,98.0999984741211,892.2999877929688,0.012778877280652523
mort_acc,2210531,1.5554249286651611,1.9050016403198242,0.0,0.0,0.0,1.0,3.0,8.0,94.0,1.7896541357040405
delinq_2yrs,2257790,0.30696433782577515,0.8673735857009888,0.0,0.0,0.0,0.0,0.0,4.0,58.0,5.929386138916016
inq_last_6mths,2257789,0.5724591612815857,0.8710880875587463,0.0,0.0,0.0,0.0,1.0,4.0,8.0,1.8095073699951172
pub_rec,2257790,0.19764681160449982,0.5707363486289978,0.0,0.0,0.0,0.0,0.0,2.0,86.0,11.376401901245117
pub_rec_bankruptcies,2257098,0.12823767960071564,0.36468517780303955,0.0,0.0,0.0,0.0,0.0,1.0,12.0,3.3709962368011475
tax_liens,2257751,0.04682757332921028,0.37776193022727966,0.0,0.0,0.0,0.0,0.0,1.0,85.0,32.05219268798828
acc_now_delinq,2257790,0.004151404835283756,0.06964769959449768,0.0,0.0,0.0,0.0,0.0,0.0,14.0,22.90080451965332
delinq_amnt,2257790,12.382743835449219,726.9117431640625,0.0,0.0,0.0,0.0,0.0,0.0,249925.0,102.59452819824219
chargeoff_within_12_mths,2257734,0.008474426344037056,0.10487201064825058,0.0,0.0,0.0,0.0,0.0,0.0,10.0,18.117996215820312
collections_12_mths_ex_med,2257734,0.018166445195674896,0.1508992612361908,0.0,0.0,0.0,0.0,0.0,1.0,20.0,14.024971961975098
mths_since_last_delinq,1100556,34.551597595214844,21.89499855041504,0.0,2.0,16.0,31.0,50.0,81.0,226.0,0.4600798189640045
mths_since_last_record,358277,72.427490234375,26.31637954711914,0.0,8.0,55.0,74.0,92.0,118.0,129.0,-0.35451143980026245
mths_since_last_major_derog,580746,44.164215087890625,21.533008575439453,0.0,4.0,27.0,44.0,62.0,84.0,226.0,0.09208220988512039
tot_coll_amt,2190286,232.73451232910156,8518.666015625,0.0,0.0,0.0,0.0,0.0,4672.0,9152545.0,851.9900512695312
tot_cur_bal,2190286,142494.90625,160693.984375,0.0,2693.0,29093.0,79245.0,213210.0,688047.6875,9971659.0,2.974733352661133
total_rev_hi_lim,2190286,34574.06640625,36728.7890625,0.0,2600.0,14700.0,25400.0,43200.0,163500.0,9999999.0,32.55815505981445
acc_open_past_24mths,2210531,4.521659851074219,3.1642134189605713,0.0,0.0,2.0,4.0,6.0,15.0,64.0,1.402277946472168
avg_cur_bal,2190216,13548.005859375,16474.166015625,0.0,426.0,3080.0,7336.0,18783.0,74472.0,958084.0,3.868917465209961
bc_open_to_buy,2185632,11394.0625,16599.11328125,0.0,0.0,1722.0,5442.0,14187.0,79365.6875,711140.0,3.737016439437866
bc_util,2184496,57.90068054199219,28.583194732666016,0.0,0.0,35.400001525878906,60.20000076293945,83.0999984741211,100.5999984741211,339.6000061035156,-0.26979678869247437
mo_sin_old_il_acct,2121503,125.73870849609375,53.38168716430664,0.0,11.0,96.0,130.0,154.0,275.0,999.0,0.3513384461402893
mo_sin_old_rev_tl_op,2190285,181.4932098388672,97.1181640625,1.0,28.0,116.0,164.0,232.0,479.0,999.0,1.0077964067459106
mo_sin_rcnt_rev_tl_op,2190285,14.023974418640137,17.532825469970703,0.0,0.0,4.0,8.0,17.0,90.0,547.0,3.592796802520752
mo_sin_rcnt_tl,2190286,8.297344207763672,9.207919120788574,0.0,0.0,3.0,6.0,11.0,44.0,382.0,4.601016521453857
mths_since_recent_bc,2187155,24.84493064880371,32.31935501098633,0.0,1.0,6.0,14.0,30.0,154.0,661.0,3.507756233215332
mths_since_recent_bc_dlq,519676,39.303489685058594,22.61756706237793,0.0,2.0,21.0,37.0,57.0,84.0,202.0,0.3340185284614563
mths_since_recent_inq,1965139,7.0243353843688965,5.9654083251953125,0.0,0.0,2.0,5.0,11.0,23.0,25.0,0.8889946937561035
mths_since_recent_revol_delinq,740328,35.78245162963867,22.307302474975586,0.0,2.0,17.0,33.0,51.0,82.0,202.0,0.4954717755317688
num_accts_ever_120_pd,2190286,0.5002100467681885,1.350335955619812,0.0,0.0,0.0,0.0,0.0,6.0,58.0,5.434826374053955
num_actv_bc_tl,2190286,3.676100730895996,2.324640989303589,0.0,0.0,2.0,3.0,5.0,11.0,50.0,1.4764599800109863
num_actv_rev_tl,2190286,5.629519462585449,3.3828606605529785,0.0,1.0,3.0,5.0,7.0,17.0,72.0,1.5735331773757935
num_bc_sats,2201971,4.774203777313232,3.0378973484039307,0.0,0.0,3.0,4.0,6.0,15.0,71.0,1.749154806137085
num_bc_tl,2190286,7.726463317871094,4.701435565948486,0.0,1.0,4.0,7.0,10.0,23.0,86.0,1.4255837202072144
num_il_tl,2190286,8.413551330566406,7.359070777893066,0.0,0.0,3.0,6.0,11.0,35.0,159.0,2.103421688079834
num_op_rev_tl,2190286,8.24655818939209,4.683890342712402,0.0,2.0,5.0,7.0,10.0,24.0,91.0,1.5267442464828491
num_rev_accts,2190285,14.004715919494629,8.038829803466797,0.0,3.0,8.0,12.0,18.0,40.0,151.0,1.3695651292800903
num_rev_tl_bal_gt_0,2190286,5.578000545501709,3.2934176921844482,0.0,1.0,3.0,5.0,7.0,16.0,65.0,1.4706978797912598
num_sats,2201971,11.628204345703125,5.643955707550049,0.0,3.0,8.0,11.0,14.0,30.0,101.0,1.3145767450332642
num_tl_30dpd,2190286,0.0028137878980487585,0.05616658180952072,0.0,0.0,0.0,0.0,0.0,0.0,4.0,22.516916275024414
num_tl_90g_dpd_24m,2190286,0.08293803036212921,0.4935789704322815,0.0,0.0,0.0,0.0,0.0,2.0,58.0,14.901663780212402
num_tl_op_past_12m,2190286,2.0767457485198975,1.830697774887085,0.0,0.0,1.0,2.0,3.0,8.0,32.0,1.5035022497177124
pct_tl_nvr_dlq,2190131,94.11459350585938,9.036153793334961,0.0,60.0,91.30000305175781,100.0,100.0,100.0,100.0,-2.277965784072876
percent_bc_gt_75,2185188,42.435951232910156,36.21614456176758,0.0,0.0,0.0,37.5,71.4000015258789,100.0,100.0,0.30916768312454224
tot_hi_cred_lim,2190286,178245.546875,181576.6875,0.0,8200.0,50732.0,114300.0,257760.0,786926.5,9999999.0,3.8300135135650635
total_bal_ex_mort,2210531,51023.69140625,49911.74609375,0.0,2029.0,20893.0,37864.0,64350.0,244702.203125,3408095.0,4.236591339111328
total_bc_limit,2210531,23193.78515625,23006.435546875,0.0,0.0,8300.0,16300.0,30300.0,110100.0,1569000.0,2.990098476409912
total_il_high_credit_limit,2190286,43732.57421875,45073.37109375,0.0,0.0,15000.0,32697.0,58805.0,212339.15625,2118996.0,3.101064682006836
fico_midpoint,2257790,700.604736328125,33.012298583984375,627.0,662.0,677.0,692.0,717.0,807.0,847.5,1.1935408115386963
emp_length_years,2110929,5.978535175323486,3.6503772735595703,0.5,0.5,2.0,6.0,10.0,10.0,10.0,-0.16097523272037506
installment_to_income,2256123,0.20175695419311523,30.316116333007812,6.383225991157815e-05,0.010274400934576988,0.04584982246160507,0.07151848077774048,0.10534252226352692,0.23694470524787903,14270.8798828125,313.2432861328125
loan_to_income,2256123,0.574405312538147,88.82066345214844,0.00016129032883327454,0.025714285671710968,0.125,0.20000000298023224,0.29866665601730347,0.6666666865348816,40000.0,316.4344787597656
log_annual_inc,2257790,11.089681625366211,0.6345696449279785,0.0,9.729193687438965,10.736418724060059,11.082158088684082,11.4403657913208,12.506180763244629,18.5159912109375,-3.960019588470459
int_rate,2257790,13.091334342956543,4.833881855010986,5.309999942779541,5.320000171661377,9.489999771118164,12.619999885559082,15.989999771118164,26.770000457763672,30.989999771118164,0.768646240234375
