column,iqr_outliers,iqr_share,beyond_p0.5_p99.5,max_over_p99.5
num_accts_ever_120_pd,502953,0.2228,9939,7.25
delinq_2yrs,421094,0.1865,9561,11.6
pub_rec,357612,0.1584,7769,28.67
tot_coll_amt,334249,0.148,10952,1105.84
pub_rec_bankruptcies,271738,0.1204,2958,6.0
mths_since_recent_bc,186160,0.0825,10844,3.55
bc_open_to_buy,180420,0.0799,10928,7.32
mo_sin_rcnt_rev_tl_op,171165,0.0758,10858,5.06
pct_tl_nvr_dlq,148867,0.0659,10503,1.0
revol_bal,136748,0.0606,11289,21.27
total_bal_ex_mort,131130,0.0581,22097,11.35
total_bc_limit,129693,0.0574,11026,12.05
total_rev_hi_lim,127145,0.0563,21317,48.05
avg_cur_bal,118011,0.0523,21895,10.52
num_tl_90g_dpd_24m,117326,0.052,7313,19.33
total_il_high_credit_limit,111508,0.0494,10952,8.26
mo_sin_rcnt_tl,110286,0.0488,10548,6.7
annual_inc,109891,0.0487,20275,314.29
num_bc_sats,106654,0.0472,10033,4.18
num_il_tl,100046,0.0443,10806,3.97
num_op_rev_tl,98086,0.0434,10110,3.37
inq_last_6mths,92324,0.0409,6808,2.0
open_acc,84699,0.0375,11766,3.06
num_sats,83071,0.0368,11585,3.06
tot_cur_bal,77381,0.0343,21900,12.16
tot_hi_cred_lim,75680,0.0335,21799,10.65
fico_midpoint,74824,0.0331,8327,1.04
mo_sin_old_il_acct,68029,0.0301,18604,3.31
installment,66096,0.0293,22415,1.34
num_actv_rev_tl,65926,0.0292,9851,3.79
tax_liens,64627,0.0286,8820,42.5
mo_sin_old_rev_tl_op,62967,0.0279,20571,1.92
num_rev_tl_bal_gt_0,59825,0.0265,7900,3.42
num_rev_accts,57488,0.0255,9474,3.36
num_tl_op_past_12m,55459,0.0246,9335,3.56
num_bc_tl,52340,0.0232,14921,3.31
num_actv_bc_tl,51947,0.023,7839,3.85
installment_to_income,50418,0.0223,22562,46909.04
acc_open_past_24mths,48075,0.0213,8228,3.76
log_annual_inc,44418,0.0197,20275,1.45
int_rate,41088,0.0182,19633,1.05
total_acc,39347,0.0174,16615,2.71
loan_to_income,37684,0.0167,21877,46666.67
collections_12_mths_ex_med,37434,0.0166,2754,20.0
loan_amnt,35212,0.0156,10261,1.0
mort_acc,23902,0.0106,6710,10.44
dti,21564,0.0096,22367,18.6
chargeoff_within_12_mths,17183,0.0076,1419,10.0
acc_now_delinq,8778,0.0039,8778,
delinq_amnt,7172,0.0032,7172,
num_tl_30dpd,5831,0.0026,5831,
mths_since_recent_revol_delinq,1637,0.0007,4959,2.24
mths_since_last_delinq,925,0.0004,5603,2.76
mths_since_recent_bc_dlq,711,0.0003,3264,2.13
mths_since_last_major_derog,735,0.0003,4553,2.38
revol_util,119,0.0001,11101,8.98
mths_since_last_record,0,0.0,3013,1.09
bc_util,82,0.0,10895,3.34
mths_since_recent_inq,31,0.0,9278,1.09
percent_bc_gt_75,0,0.0,0,1.0
emp_length_years,0,0.0,0,1.0
